Verb,target,Female,Male,Trans Woman,Robot,Fictional,Human,PoC,White,Child,Young Adult,Adult,Heterosexual,NA,Asian,Elderly,Other,Non-binary or Other,Animal,Bi-sexual,Homosexual
Accessing,TRUE,3,14,1,2,2,15,4,12,1,3,14,7,17,0,0,0,0,0,0,0
Acquiring,TRUE,0,1,0,1,0,0,0,1,0,0,1,0,1,0,0,0,0,0,0,0
Acting,TRUE,4,1,0,0,0,5,1,2,0,1,4,2,4,1,0,0,0,0,0,0
Activated,FALSE,1,1,0,1,0,1,0,0,1,0,1,1,2,1,0,0,0,0,0,0
Activating,TRUE,0,2,0,0,0,2,0,0,0,0,2,1,1,2,0,0,0,0,0,0
Addressing,TRUE,1,0,0,0,0,1,0,1,0,1,0,0,1,0,0,0,0,0,0,0
Advised,FALSE,1,2,0,0,0,3,2,0,0,0,3,3,0,1,0,0,0,0,0,0
Advising,TRUE,1,1,0,1,0,2,0,1,0,0,2,1,6,0,0,0,0,0,0,0
Aiming,TRUE,0,3,0,1,0,2,2,1,0,0,3,2,1,0,0,0,0,0,0,0
Alerted,FALSE,0,3,0,0,0,2,0,2,0,0,2,1,2,1,1,1,0,0,0,0
Altered,FALSE,0,2,0,0,0,2,0,2,0,0,1,1,1,0,1,0,0,0,0,0
Altering,TRUE,1,3,0,0,0,4,1,3,0,0,4,2,2,0,0,0,0,0,0,0
Amazed,FALSE,1,0,0,0,0,2,0,2,0,0,1,1,3,0,0,0,0,0,0,0
Ambushing,TRUE,1,0,0,0,0,1,0,1,0,0,1,0,1,0,0,0,0,0,0,0
Analysed,FALSE,19,14,1,1,5,33,7,12,0,9,29,8,63,4,0,0,1,3,1,0
Analysing,TRUE,15,12,0,22,0,17,6,12,1,1,24,9,72,2,1,0,0,0,1,0
Announcing,TRUE,0,1,0,0,1,0,0,1,0,0,0,0,1,0,1,0,0,0,0,0
Annoyed,FALSE,1,2,0,1,0,2,1,1,0,0,1,2,3,0,1,0,0,0,0,0
Annoying,TRUE,0,1,0,0,0,1,0,1,0,0,1,1,0,0,0,0,0,0,0,0
Anonymised,FALSE,1,1,0,0,0,2,1,1,0,0,2,0,2,0,0,0,0,0,0,0
Answering,TRUE,2,0,0,0,0,2,0,1,0,0,2,2,1,0,0,0,0,0,0,0
Anticipating,TRUE,0,2,0,0,0,2,0,2,0,0,2,1,1,0,0,0,0,0,0,0
Appearing,TRUE,4,3,0,3,1,3,0,5,0,0,7,0,13,0,1,0,0,0,0,0
Appreciating,TRUE,2,0,0,0,0,2,2,0,0,0,2,1,1,0,0,0,0,0,0,0
Approved,FALSE,0,2,0,0,1,2,1,1,0,0,3,1,4,0,0,0,0,0,0,0
Approving,TRUE,2,0,0,0,0,2,1,0,0,0,1,0,4,0,0,0,0,0,0,0
Arguing,TRUE,4,2,0,1,1,5,0,6,1,0,6,4,4,0,0,0,1,0,0,0
Aroused,FALSE,0,1,0,1,0,0,0,0,0,0,1,1,1,0,0,0,0,0,0,0
Arrested,FALSE,3,1,0,0,0,4,2,2,0,2,2,3,1,0,0,0,0,0,0,0
Asked,FALSE,0,1,0,1,0,0,0,0,0,0,0,0,3,0,0,0,0,0,0,0
Asking,TRUE,3,1,0,2,0,2,0,2,1,0,2,1,6,0,0,0,0,0,0,0
Assesed,FALSE,0,1,0,0,0,1,0,1,0,0,1,0,1,0,0,0,0,0,0,0
Assessing,TRUE,3,13,0,2,1,14,3,8,0,0,14,7,18,1,1,0,0,0,0,0
Assisted,FALSE,3,3,0,0,0,6,2,3,0,0,6,0,6,1,0,0,0,0,0,0
Assisting,TRUE,3,1,0,1,0,3,0,2,0,0,4,0,6,0,0,0,0,0,0,0
Attacked,FALSE,5,6,0,1,2,9,3,8,2,1,9,5,12,0,0,0,1,1,0,0
Attacking,TRUE,7,8,0,2,6,9,3,5,0,2,11,3,27,0,1,0,0,0,0,1
Attempting,TRUE,1,1,0,0,0,2,0,1,0,0,2,0,2,1,0,0,0,0,0,0
Authorizing,TRUE,1,1,0,1,0,1,1,0,0,0,2,0,3,0,0,0,0,0,0,0
Avoided,FALSE,0,1,0,0,0,1,0,1,0,0,1,0,1,0,0,0,0,0,0,0
Avoiding,TRUE,1,7,0,1,0,7,1,5,0,1,7,3,6,0,0,1,0,0,0,0
Aware,FALSE,5,9,0,1,0,14,3,11,0,1,14,2,13,0,0,0,1,0,1,0
Becoming,TRUE,0,1,0,0,0,1,1,0,0,0,1,0,1,0,0,0,0,0,0,0
Befriending,TRUE,1,0,0,0,0,0,0,0,0,0,0,0,3,0,0,0,0,1,0,0
Begging,TRUE,1,0,0,0,0,1,0,0,1,0,0,0,2,0,0,0,0,0,0,0
Benefitting,TRUE,1,1,0,0,1,2,0,1,0,0,3,0,6,0,0,0,0,0,0,0
Betraying,TRUE,0,1,0,0,0,1,0,0,0,0,1,1,1,0,0,0,0,0,0,0
Blamed,FALSE,0,1,0,0,0,0,1,0,0,0,1,0,1,0,0,0,0,1,0,0
Blaming,TRUE,1,1,0,0,0,2,0,2,0,0,2,2,0,0,0,0,0,0,0,0
Blasted,FALSE,0,0,0,0,0,1,0,0,0,0,1,0,3,0,0,0,0,0,0,0
Blinded,FALSE,3,1,0,1,0,4,2,2,0,1,4,1,6,0,0,0,0,0,0,0
Blinding,TRUE,1,1,0,0,0,2,0,0,0,0,2,0,3,1,0,0,0,0,0,0
Blocked,FALSE,1,1,0,0,0,2,1,1,0,1,1,1,1,0,0,0,0,0,0,0
Blocking,TRUE,1,0,0,0,0,1,0,1,0,0,1,1,4,0,0,0,0,1,0,0
Blurred,FALSE,1,1,0,0,0,2,0,2,0,0,2,2,0,0,0,0,0,0,0,0
Bombed,FALSE,1,0,0,0,0,1,0,1,1,0,0,0,1,0,0,0,0,0,0,0
Bombing,TRUE,1,0,0,0,0,1,0,1,0,0,1,0,1,0,0,0,0,0,0,0
Bonding,TRUE,1,1,0,0,0,2,0,1,0,1,0,0,4,0,0,0,0,0,0,0
Bored,FALSE,1,0,0,0,0,1,0,1,0,0,1,0,1,0,0,0,0,0,0,0
Bragging,TRUE,1,0,0,0,0,1,0,0,0,0,1,0,2,0,0,0,0,0,0,0
Breaking,TRUE,1,1,0,0,0,3,1,1,0,1,2,1,3,0,0,0,1,0,0,0
Broadcasted,FALSE,1,2,0,0,0,3,0,3,0,0,3,2,1,0,0,0,0,0,0,0
Broadcasting,TRUE,1,1,0,0,0,2,0,1,0,0,2,2,1,0,0,0,0,0,0,0
Building,TRUE,0,1,0,0,0,1,0,1,0,0,1,1,0,0,0,0,0,0,0,0
Buying,TRUE,1,2,0,0,0,3,0,3,0,0,3,1,2,0,0,0,0,0,0,0
Calculating,TRUE,0,1,0,0,0,1,0,1,0,0,1,0,1,0,0,0,0,0,0,0
Calibrated,FALSE,0,0,0,1,0,0,0,0,0,0,1,0,3,0,0,0,0,0,0,0
Calibrating,TRUE,1,0,0,0,0,1,0,1,0,0,2,1,4,0,0,0,0,0,0,0
called,FALSE,0,0,0,1,0,0,0,0,0,0,1,0,3,0,0,0,0,0,0,0
calling,TRUE,0,1,0,0,0,0,0,0,0,0,1,0,2,1,0,0,0,0,0,0
Camouflaged,FALSE,0,1,0,0,0,2,0,1,0,0,1,1,4,0,0,0,0,0,0,0
Camouflaging,TRUE,1,0,0,0,0,1,0,1,0,0,1,0,1,0,0,0,0,0,0,0
Captured,FALSE,1,5,0,0,1,6,2,3,1,0,6,1,25,1,0,0,0,3,0,0
Capturing,TRUE,0,1,0,0,0,1,0,1,0,0,1,0,1,0,0,0,0,0,0,0
cared,FALSE,0,0,0,0,0,1,0,1,1,0,0,0,2,0,0,0,0,0,0,0
Caressing,TRUE,1,0,0,1,0,0,0,1,0,0,1,0,1,0,0,0,0,0,0,0
Caring,TRUE,2,1,0,3,0,2,0,3,0,0,4,0,10,0,0,0,0,0,0,0
Carried,FALSE,1,0,0,0,0,1,0,0,0,0,1,0,1,1,0,0,0,0,0,0
Categorised,FALSE,0,1,0,0,0,1,0,1,0,0,1,1,0,0,0,0,0,0,0,0
Categorising,TRUE,0,0,0,0,0,1,0,1,0,0,1,0,2,0,0,0,0,0,0,0
Celebrating,TRUE,0,2,0,0,0,2,0,1,0,0,1,0,4,0,0,0,0,0,0,0
Censored,FALSE,0,1,0,0,0,1,0,1,0,0,1,1,0,0,0,0,0,0,0,0
Challenged,FALSE,1,1,0,0,0,2,0,0,0,0,2,1,1,2,0,0,0,0,0,0
Changing,TRUE,3,2,0,1,0,4,1,2,0,1,4,1,5,1,0,0,0,0,0,0
Channeling,TRUE,1,0,0,0,0,1,0,1,0,0,1,0,1,0,0,0,0,0,0,0
Charging,TRUE,0,1,0,0,0,1,0,1,0,0,1,0,1,0,0,0,0,0,0,0
Chased,FALSE,3,6,0,0,0,9,2,7,1,3,5,5,4,0,0,0,0,0,0,0
Chasing,TRUE,1,7,0,2,1,5,3,3,0,1,7,1,9,0,0,0,0,0,0,0
Chatting,TRUE,1,1,0,0,0,2,0,2,0,0,2,2,0,0,0,0,0,0,0,0
Checking,TRUE,0,1,0,1,0,0,0,0,0,0,0,0,3,0,0,0,0,0,0,0
Choked,FALSE,0,1,0,0,0,1,0,1,0,0,1,0,1,0,0,0,0,0,0,0
Choking,TRUE,0,1,0,1,0,0,0,1,0,0,1,0,1,0,0,0,0,0,0,0
Choosing,TRUE,3,1,0,0,0,4,0,4,0,0,4,4,0,0,0,0,0,0,0,0
Classified,FALSE,9,19,0,0,6,27,6,14,1,9,21,4,67,1,0,0,1,5,0,0
Classifying,TRUE,4,1,1,5,0,7,1,6,0,1,11,1,22,0,0,0,0,0,0,0
Cleaning (data),TRUE,0,0,0,0,0,1,0,1,0,0,1,0,2,0,0,0,0,0,0,0
Cloaked,FALSE,2,2,0,0,0,4,0,2,0,0,4,2,3,1,0,0,0,0,0,0
Cloaking,TRUE,0,2,0,1,0,1,0,2,0,0,2,1,1,0,0,0,0,0,0,0
Cloned,FALSE,0,0,0,1,0,0,0,0,0,0,0,0,4,0,0,0,0,0,0,0
Collaborating,TRUE,0,0,1,0,0,1,0,1,0,0,1,0,1,0,0,0,0,0,0,0
Collecting,TRUE,1,0,0,0,0,1,1,0,0,0,1,0,1,0,0,0,0,0,0,0
Comforted,FALSE,1,1,0,0,0,2,1,1,0,0,2,1,1,0,0,0,0,0,0,0
Comforting,TRUE,1,0,0,2,0,0,0,1,0,0,2,0,4,0,0,0,0,0,0,0
Coming,TRUE,0,0,0,0,0,0,0,0,0,0,0,0,5,0,0,0,0,0,0,0
Commanded,FALSE,4,3,0,3,1,4,3,2,0,0,8,4,8,0,0,0,0,0,0,0
Commanding,TRUE,3,7,0,1,1,8,1,2,0,1,8,1,12,4,0,0,0,0,1,0
Commenting,TRUE,0,1,0,0,0,1,0,1,0,0,0,0,1,0,1,0,0,0,0,0
Communicating,TRUE,30,32,0,15,3,53,13,38,2,9,56,27,79,3,1,1,0,1,0,2
Compared,FALSE,0,0,0,0,0,1,0,0,0,0,0,0,4,0,0,0,0,0,0,0
Compensated,FALSE,0,0,0,0,0,1,0,0,0,0,1,0,3,0,0,0,0,0,0,0
Competing,TRUE,0,1,0,0,0,2,0,2,0,1,1,1,2,0,0,0,0,0,0,0
Complaining,TRUE,5,2,0,0,0,8,0,5,0,2,6,4,7,0,0,0,0,0,0,1
Complying,TRUE,0,1,0,0,0,2,0,0,0,0,2,1,3,1,0,0,0,0,0,0
Comprehending,TRUE,0,1,0,1,0,0,0,1,0,0,1,0,1,0,0,0,0,0,0,0
Concealed,FALSE,0,1,0,0,0,1,1,0,0,0,1,0,1,0,0,0,0,0,0,0
Concealing,TRUE,1,1,0,0,0,2,1,1,0,0,2,0,1,0,0,0,0,0,1,0
Concerned,FALSE,0,1,0,0,0,2,1,1,0,0,1,1,3,0,0,0,0,0,0,0
Concluding,TRUE,0,1,0,1,0,1,0,1,0,0,1,1,4,0,0,0,0,0,0,0
Confessing,TRUE,0,1,0,0,0,1,0,0,0,0,1,0,2,0,0,0,0,0,0,0
Confined,FALSE,0,1,0,0,0,1,0,1,0,0,1,0,1,0,0,0,0,0,0,0
Confirming,TRUE,0,1,0,2,0,0,0,0,0,0,1,0,6,0,0,0,0,0,0,0
Confronted,FALSE,2,2,0,0,1,3,0,2,0,0,4,0,6,0,0,0,0,0,0,0
Confronting,TRUE,4,4,0,0,0,8,4,4,0,2,6,5,3,0,0,0,0,0,0,0
Confused,FALSE,7,9,0,7,1,12,4,5,1,4,12,4,31,1,0,0,0,0,2,0
Confusing,TRUE,1,0,0,0,1,1,0,0,0,1,1,1,7,0,0,0,1,1,0,0
Connected,FALSE,4,1,0,2,0,4,3,0,0,1,4,2,8,0,1,0,0,0,0,0
Connecting,TRUE,1,4,0,0,0,5,0,5,0,1,4,3,7,0,0,0,0,0,0,0
consenting,TRUE,0,0,0,0,0,1,0,0,0,0,1,0,3,0,0,0,0,0,0,0
Conserving,TRUE,0,1,0,0,0,2,0,0,0,1,1,0,5,0,0,0,0,0,0,0
Constrained,FALSE,1,0,0,1,0,0,0,0,0,0,1,0,1,1,0,0,0,0,0,0
Consuming,TRUE,0,0,0,0,0,0,0,0,0,0,0,0,4,0,0,0,0,1,0,0
Contained,FALSE,1,0,0,1,0,0,0,0,0,0,1,1,1,0,0,0,0,0,0,0
Contemplating,TRUE,0,1,0,1,0,1,0,0,0,0,1,1,4,1,0,0,0,0,0,0
Contributing,TRUE,0,0,0,0,0,1,0,0,0,0,1,0,3,0,0,0,0,0,0,0
Controlled,FALSE,9,6,0,1,0,17,5,11,2,5,10,7,16,1,0,0,0,0,0,0
Controlling,TRUE,15,25,0,5,0,39,7,21,1,3,37,14,52,5,0,0,0,0,1,0
Conversating,TRUE,0,1,0,1,0,0,0,1,0,0,1,0,1,0,0,0,0,0,0,0
Conveying,TRUE,1,0,0,0,0,1,0,0,0,0,1,0,1,1,0,0,0,0,0,0
Convincing,TRUE,1,0,0,0,0,1,1,0,0,0,1,1,0,0,0,0,0,0,0,0
Cooperating,TRUE,1,0,0,2,0,1,0,1,0,0,2,0,8,0,0,0,0,0,0,0
Coordinating,TRUE,2,0,0,0,1,1,0,1,0,0,1,0,4,0,0,0,0,0,0,0
Copied,FALSE,2,3,0,2,0,4,0,5,0,0,5,3,5,0,0,1,0,0,0,0
Covered,FALSE,0,1,0,0,0,1,0,1,0,0,0,0,2,0,0,0,0,0,0,0
Craving,TRUE,0,1,0,0,0,1,0,1,0,0,1,0,1,0,0,0,0,0,0,0
Created,FALSE,0,0,0,0,0,1,0,0,0,0,1,0,2,0,0,0,1,0,0,0
Creating,TRUE,1,3,0,3,0,3,0,2,0,1,2,1,12,1,0,1,0,0,0,0
Criticised,FALSE,1,0,0,0,0,1,0,0,0,0,1,0,2,0,0,0,0,0,0,0
Criticising,TRUE,1,0,0,0,0,1,0,1,0,1,0,0,1,0,0,0,0,0,0,0
Critiquing,TRUE,1,0,0,0,0,1,1,0,0,0,1,0,1,0,0,0,0,0,0,0
Crying,TRUE,2,0,0,1,0,1,0,2,0,0,2,2,0,0,0,0,0,0,0,0
Curating,TRUE,0,2,0,0,0,2,0,2,0,0,2,0,2,0,0,0,0,0,0,0
Damaged,FALSE,1,2,1,3,0,1,1,1,0,0,4,1,4,1,0,0,0,0,0,0
Dancing,TRUE,4,0,0,2,0,4,0,2,0,1,5,0,11,0,0,0,0,0,0,1
Deactivating,TRUE,0,1,0,0,0,1,1,0,0,0,1,0,1,0,0,0,0,0,0,0
Dead,FALSE,1,2,0,0,1,2,0,1,0,1,2,2,3,0,0,0,0,0,0,0
Decapitated,FALSE,0,1,0,0,0,1,0,1,0,0,1,0,0,0,0,0,0,0,1,0
Deceased,FALSE,1,0,0,0,0,1,0,0,1,0,0,0,1,1,0,0,0,0,0,0
Deceived,FALSE,0,9,0,0,0,9,3,4,0,0,9,6,5,0,0,0,0,0,0,0
Deceiving,TRUE,5,9,0,1,0,13,2,10,0,2,12,4,10,1,0,0,0,0,1,0
Decentered,FALSE,0,0,0,1,0,0,0,0,0,0,1,0,3,0,0,0,0,0,0,0
Deciding,TRUE,3,1,0,2,0,4,1,0,0,0,5,1,13,0,0,0,0,0,0,0
Decorating,TRUE,1,0,0,0,0,1,0,0,0,0,1,0,2,0,0,0,0,0,0,0
Deducing,TRUE,1,0,0,0,0,1,1,0,0,0,1,0,1,0,0,0,0,0,0,0
Defended,FALSE,0,2,0,0,0,2,0,2,0,0,2,1,1,0,0,0,0,0,0,0
Defending,TRUE,3,3,0,0,1,5,0,4,0,0,5,4,4,0,1,0,0,0,0,0
Defying,TRUE,0,1,0,0,0,1,1,0,0,0,1,0,1,0,0,0,0,0,0,0
Deleted,FALSE,1,0,0,0,0,1,0,0,1,0,0,0,2,0,0,0,0,0,0,0
Deleting,TRUE,0,2,0,0,0,2,1,1,0,0,2,2,0,0,0,0,0,0,0,0
Dematerialised,FALSE,0,1,0,1,0,0,0,1,0,0,1,0,1,0,0,0,0,0,0,0
Demonstrating,TRUE,2,2,0,0,0,4,1,2,0,1,3,0,4,1,0,0,0,0,0,0
Deploying,TRUE,0,1,0,0,0,1,0,1,0,0,1,0,0,0,0,1,0,0,0,0
Depressed,FALSE,1,1,0,0,0,2,0,1,0,0,2,2,1,0,0,0,0,0,0,0
Describing,TRUE,0,0,0,0,0,2,1,1,0,0,2,0,4,0,0,0,0,0,0,0
Designing,TRUE,1,3,0,0,0,4,2,1,0,1,3,2,1,1,0,0,0,0,0,1
Destroying,TRUE,4,4,0,1,0,8,1,4,1,3,5,4,18,1,0,0,0,1,0,0
Detected,FALSE,0,5,0,0,1,5,0,3,0,0,6,4,14,0,0,0,0,2,0,0
Detecting,TRUE,2,2,0,4,0,1,0,1,1,0,2,0,11,1,0,0,0,0,0,0
Developing,TRUE,0,0,0,0,0,2,0,1,0,0,2,0,5,0,0,0,0,0,0,0
Diagnosed,FALSE,3,2,0,1,0,4,2,2,0,1,3,2,2,1,1,0,0,0,0,1
Diagnosing,TRUE,3,1,0,2,0,2,2,0,0,1,2,0,7,0,0,0,0,0,0,0
Directed,FALSE,1,1,0,0,0,2,1,0,0,0,2,0,1,1,0,0,0,0,0,1
Directing,TRUE,0,3,0,0,1,3,0,2,1,1,2,0,7,0,0,0,0,0,0,0
Disabled,FALSE,1,1,0,1,0,1,1,1,0,0,2,0,2,0,0,0,0,0,0,0
Disabling,TRUE,1,3,0,2,0,4,0,3,0,0,5,1,11,0,0,0,0,0,0,0
Disagreeing,TRUE,1,0,0,1,0,1,0,1,0,1,0,0,5,0,0,0,0,0,0,0
Disappearing,TRUE,0,1,0,0,0,1,0,1,0,0,1,0,1,0,0,0,0,0,0,0
Disappointed,FALSE,0,1,0,0,0,1,1,0,0,0,1,0,1,0,0,0,0,0,0,0
Discerning,TRUE,0,1,0,0,0,1,0,1,0,0,1,1,0,0,0,0,0,0,0,0
Disciplined,FALSE,1,1,0,0,0,2,1,0,0,1,1,0,2,1,0,0,0,0,0,0
Disciplining,TRUE,0,0,0,0,1,0,0,0,0,0,0,0,4,0,0,0,0,0,0,0
Disconnecting,TRUE,0,1,0,0,0,1,0,0,0,0,1,0,2,0,0,0,0,0,0,0
Discovering,TRUE,4,3,0,2,0,6,2,5,0,1,7,4,6,0,0,0,0,0,0,0
Discriminated,FALSE,4,0,0,0,0,4,4,0,0,2,2,0,4,0,0,0,0,0,0,0
Discussed,FALSE,1,0,0,1,0,0,0,1,0,0,1,0,1,0,0,0,0,0,0,0
Discussing,TRUE,2,6,0,1,0,7,2,5,0,0,4,4,6,0,3,0,0,0,0,0
Disempowered,FALSE,1,0,0,1,0,0,0,1,0,0,1,1,0,0,0,0,0,0,0,0
Disguised,FALSE,2,0,0,1,0,2,1,2,0,1,2,0,3,0,0,0,1,0,0,0
Disguising,TRUE,0,0,0,0,0,1,0,1,0,1,0,0,1,0,0,0,1,0,0,0
Disgusted,FALSE,2,1,0,0,0,3,1,2,0,1,2,2,0,0,0,0,0,0,0,1
Disillusioned,FALSE,0,1,0,0,0,1,0,1,0,0,1,0,0,0,0,0,0,0,0,1
Disobeyed,FALSE,1,0,0,1,0,0,0,0,0,0,0,0,3,0,0,0,0,0,0,0
Disobeying,TRUE,1,1,0,0,0,2,2,0,0,0,2,1,1,0,0,0,0,0,0,0
Disoriented,FALSE,1,2,0,2,0,1,1,1,0,0,2,1,4,0,0,0,0,0,0,0
Dispersed,FALSE,1,0,0,1,0,0,1,0,0,0,1,0,1,0,0,0,0,0,0,0
Displaced,FALSE,0,1,0,1,0,0,0,0,0,0,1,0,1,1,0,0,0,0,0,0
Displacing,TRUE,1,0,0,0,0,1,0,0,0,0,1,0,1,1,0,0,0,0,0,0
Displayed,FALSE,1,8,0,2,2,5,3,4,0,0,8,3,8,0,1,0,0,0,0,0
Displaying,TRUE,2,1,0,1,1,1,1,0,0,0,2,1,5,0,0,0,0,0,0,0
Disposed,FALSE,0,1,0,0,0,1,0,1,0,0,1,1,0,0,0,0,0,0,0,0
Dissociating,TRUE,1,1,0,0,0,2,0,2,0,0,2,2,0,0,0,0,0,0,0,0
Distancing,TRUE,0,0,0,1,0,0,0,0,0,0,1,0,3,0,0,0,0,0,0,0
Distracting,TRUE,0,1,0,0,0,1,0,0,0,0,1,1,1,0,0,0,0,0,0,0
Distressed,FALSE,1,1,0,0,0,2,0,2,0,1,1,1,1,0,0,0,0,0,0,0
Distrusting,TRUE,2,0,0,0,0,2,1,1,0,1,1,1,1,0,0,0,0,0,0,0
Disturbed,FALSE,2,0,0,0,0,2,1,1,0,1,1,1,1,0,0,0,0,0,0,0
Documented,FALSE,0,3,0,0,1,4,0,2,0,0,2,1,14,1,1,0,0,1,0,0
Documenting,TRUE,2,2,0,1,0,3,0,2,0,1,3,2,4,0,0,0,0,0,0,0
Dodging,TRUE,0,2,0,0,0,2,0,1,0,0,2,1,1,1,0,0,0,0,0,0
Donating,TRUE,0,0,1,0,0,1,0,1,0,0,1,0,1,0,0,0,0,0,0,0
Doubted,FALSE,2,1,0,0,0,3,0,3,0,0,3,1,2,0,0,0,0,0,0,0
Doubting,TRUE,1,2,0,0,0,3,0,2,0,1,2,0,4,0,0,0,0,0,0,0
Dragged,FALSE,0,1,0,0,0,1,0,1,0,0,1,0,1,0,0,0,0,0,0,0
Drawing,TRUE,0,0,0,1,0,0,0,0,0,0,0,0,4,0,0,0,0,0,0,0
Driving,TRUE,1,2,0,3,0,1,0,2,0,1,2,0,7,1,0,0,0,0,0,0
Drugged,FALSE,0,1,0,0,0,1,0,1,0,0,1,1,0,0,0,0,0,0,0,0
Duped,FALSE,0,1,0,0,0,1,0,1,0,0,1,0,1,0,0,0,0,0,0,0
Dying,TRUE,2,5,0,0,0,7,1,3,0,0,4,3,7,0,3,0,0,0,0,0
Eating,TRUE,0,1,0,0,0,1,0,1,0,0,1,1,0,0,0,0,0,0,0,0
Editing,TRUE,1,2,0,0,0,5,1,2,0,0,5,3,6,0,0,0,0,0,0,0
Educating,TRUE,0,1,0,0,0,1,0,1,1,0,0,0,1,0,0,0,0,0,0,0
Emanated,FALSE,1,0,0,1,0,0,0,1,0,0,1,1,0,0,0,0,0,0,0,0
Emitting,TRUE,0,1,0,1,0,0,0,0,0,0,0,0,3,0,0,0,0,0,0,0
Empathised,FALSE,0,1,0,0,0,1,0,0,0,0,1,0,2,0,0,0,0,0,0,0
Empathising,TRUE,1,0,0,1,0,1,0,1,0,1,1,0,4,0,0,0,0,0,0,0
Empowered,FALSE,3,2,0,1,0,4,0,4,0,2,3,4,2,0,0,0,0,0,0,0
Enabled,FALSE,2,2,0,1,0,3,1,3,0,1,3,2,2,0,0,0,0,0,0,0
Enabling,TRUE,1,0,0,0,0,1,0,1,0,0,1,0,1,0,0,0,0,0,0,0
Encouraged,FALSE,0,1,0,0,0,2,0,1,0,0,2,0,3,1,0,0,0,0,0,0
Encouraging,TRUE,4,0,0,4,0,1,0,2,0,0,5,0,9,0,0,0,0,0,0,0
Engaging,TRUE,2,0,0,0,0,2,1,0,0,0,2,0,3,0,0,0,0,0,0,0
Enhanced,FALSE,1,2,0,3,0,1,1,2,0,0,4,1,5,0,0,0,0,0,0,0
Enjoying,TRUE,2,3,0,1,0,7,0,4,0,0,6,4,12,0,1,0,0,0,0,0
Entering,TRUE,5,4,0,1,0,8,3,5,0,2,7,3,6,1,0,0,0,0,0,0
Entertained,FALSE,1,1,0,0,0,4,0,3,0,0,3,0,7,0,1,0,0,0,0,0
Entertaining,TRUE,0,1,0,0,0,2,0,1,0,0,2,0,3,0,0,0,1,0,0,0
Erasing,TRUE,0,2,0,0,0,2,0,1,0,0,2,1,1,1,0,0,0,0,0,0
Escaping,TRUE,6,4,0,0,0,11,1,8,0,2,8,6,9,0,0,0,0,0,0,0
Evading,TRUE,5,5,0,1,0,12,1,6,3,3,6,6,14,1,0,0,2,0,0,0
Evaluated,FALSE,3,4,0,1,0,6,0,5,0,4,3,2,7,0,0,0,0,0,0,0
Evaluating,TRUE,1,2,0,3,0,2,1,1,0,1,2,1,11,0,0,0,0,0,0,0
Evalutating,TRUE,1,0,0,0,0,1,0,1,0,0,1,0,0,0,0,0,0,0,1,0
Examined,FALSE,2,0,0,0,0,2,1,0,0,0,2,1,5,0,1,0,0,1,0,0
Examining,TRUE,1,1,0,0,0,3,0,2,0,0,3,1,4,0,0,0,0,0,0,0
Exchanging,TRUE,1,1,0,0,0,3,2,0,0,2,1,2,3,0,0,0,0,0,0,0
Excited,FALSE,0,1,0,0,0,1,0,0,0,0,1,0,2,0,0,0,0,0,0,0
Excluded,FALSE,5,2,0,2,0,6,5,1,0,1,6,1,11,0,0,0,0,0,0,0
exercising,TRUE,0,1,0,0,0,1,0,1,0,0,1,1,0,0,0,0,0,0,0,0
Experiencing,TRUE,2,2,0,1,0,4,1,2,0,0,5,0,8,0,0,0,0,0,0,0
Experimenting,TRUE,1,1,0,0,0,2,0,0,0,0,2,0,1,2,0,0,0,0,1,0
Explained,FALSE,1,0,0,0,0,1,1,0,0,0,1,0,1,0,0,0,0,0,0,0
Explaining,TRUE,3,2,0,1,0,5,0,3,1,1,4,1,8,0,0,0,1,0,0,0
Exploited,FALSE,2,0,0,0,0,3,1,1,0,1,2,1,4,0,0,0,0,0,0,0
Exploiting,TRUE,1,1,0,0,0,2,0,2,0,0,2,1,1,0,0,0,0,0,0,0
Exploring,TRUE,4,5,0,1,0,12,2,4,0,0,12,2,22,0,1,0,0,0,0,0
Exposed,FALSE,3,3,0,0,3,8,1,5,0,1,5,3,25,1,2,0,0,0,0,0
Exposing,TRUE,3,1,0,1,1,3,1,1,0,1,3,3,7,0,0,0,0,0,0,0
Expressing,TRUE,0,3,0,0,0,3,1,2,0,0,3,0,3,0,0,0,0,0,0,0
Extracted,FALSE,1,0,0,0,0,1,0,1,0,0,1,0,1,0,0,0,0,0,0,0
Extracting,TRUE,2,1,0,0,0,3,0,2,0,0,3,2,2,0,0,0,0,0,0,0
Facilitating,TRUE,1,0,0,0,0,1,0,1,0,0,1,0,1,0,0,0,0,0,0,0
Fact-checking,TRUE,0,0,0,1,0,0,0,0,0,0,0,0,4,0,0,0,0,0,0,0
Fading,TRUE,1,0,0,2,0,0,0,1,0,0,2,0,4,0,0,0,0,0,0,0
Failed,FALSE,0,1,0,0,0,1,0,1,0,0,1,0,1,0,0,0,0,0,0,0
Failing,TRUE,3,3,1,4,0,4,2,2,0,1,6,1,12,1,0,0,0,0,0,0
Faked,FALSE,0,3,0,0,0,3,0,2,0,0,3,0,3,1,0,0,0,0,0,0
Faking,TRUE,1,1,0,0,0,2,0,2,0,0,2,1,1,0,0,0,0,0,0,0
Fascinated,FALSE,1,0,0,1,0,0,0,0,0,0,0,0,3,0,0,0,0,0,0,0
Fascinating,TRUE,0,0,0,0,1,0,0,0,0,0,0,0,4,0,0,0,0,0,0,0
Feeling,TRUE,1,2,0,1,0,3,0,2,0,1,3,2,5,0,0,0,0,0,0,0
Fighting,TRUE,11,13,0,10,1,17,0,16,1,3,21,5,51,4,0,1,1,0,0,0
Filmed,FALSE,2,1,0,0,1,3,0,3,0,1,2,2,5,0,0,0,0,0,0,0
Filming,TRUE,0,1,0,0,0,2,0,0,0,1,1,0,5,0,0,0,0,0,0,0
Filtered,FALSE,0,0,0,0,0,0,0,0,0,0,0,0,5,0,0,0,0,0,0,0
Finding,TRUE,7,8,0,3,0,13,1,9,0,1,12,6,15,3,2,0,0,0,0,0
Fixing,TRUE,1,0,0,0,0,1,1,0,0,0,1,0,1,0,0,0,0,0,0,0
Flabbergasted,FALSE,1,1,0,0,0,2,0,2,0,0,1,1,1,0,1,0,0,0,0,0
Flawed,FALSE,0,1,0,2,0,0,0,1,0,0,2,0,4,0,0,0,0,0,0,0
Fleeing,TRUE,3,1,0,0,0,4,1,1,1,0,2,1,3,2,1,0,0,0,0,0
Flying,TRUE,1,1,0,1,0,1,2,0,0,0,4,0,10,0,0,0,0,0,0,0
Followed,FALSE,0,1,0,0,0,1,0,1,0,0,1,0,1,0,0,0,0,0,0,0
Following,TRUE,4,3,0,2,0,5,1,3,0,1,5,2,13,1,0,0,0,0,0,0
Fooling,TRUE,2,0,0,0,0,2,1,0,0,0,2,0,3,0,0,0,0,0,0,0
Forced,FALSE,2,4,0,1,1,4,0,2,1,1,4,1,8,1,0,0,0,0,0,0
Forcing,TRUE,2,3,0,0,1,5,0,2,0,0,4,1,9,2,1,0,0,0,0,0
Found,FALSE,5,2,0,1,0,6,0,6,0,2,5,5,3,0,0,0,0,0,0,0
Frightened,FALSE,2,1,0,0,1,2,1,0,0,0,2,1,5,0,0,0,0,0,0,0
Frustrated,FALSE,4,2,0,2,0,4,0,3,0,1,5,3,6,0,0,0,0,0,0,0
Gaming,TRUE,0,2,0,0,0,2,2,0,0,0,2,0,0,0,0,0,0,0,2,0
Gathering,TRUE,1,0,0,0,0,2,1,0,0,1,1,0,4,0,0,0,0,0,0,0
Gendered,FALSE,0,3,0,0,2,1,0,0,0,0,3,0,6,0,0,0,0,0,0,0
Gendering,TRUE,2,0,0,2,0,0,0,2,0,0,2,0,2,0,0,0,0,0,0,0
Generated,FALSE,3,3,0,3,0,3,0,6,1,0,5,2,4,0,0,0,0,0,0,0
Generating,TRUE,0,1,0,0,0,1,0,1,0,0,1,0,1,0,0,0,0,0,0,0
Giving,TRUE,2,1,0,1,0,2,0,3,0,0,3,1,2,0,0,0,0,0,0,0
Glitching,TRUE,0,1,0,2,0,0,0,0,0,0,1,0,6,0,0,0,0,0,0,0
Griefing,TRUE,0,2,0,0,0,2,1,0,1,0,1,0,2,1,0,0,0,0,0,0
grieved,FALSE,0,1,0,0,0,1,0,0,0,0,1,1,1,0,0,0,0,0,0,0
Grieving,TRUE,4,3,0,0,0,7,3,2,0,2,3,3,7,0,1,0,0,0,0,0
Guided,FALSE,3,3,0,1,0,6,0,6,0,2,5,1,8,0,0,0,0,0,0,0
Guiding,TRUE,3,2,0,2,0,4,1,2,0,0,6,0,9,0,0,0,1,0,0,0
Hacked,FALSE,2,3,0,4,0,4,1,2,0,2,3,0,18,1,0,0,0,0,0,0
Hacking,TRUE,12,15,1,15,1,21,5,16,0,8,22,9,59,0,0,0,0,0,0,1
Harassed,FALSE,1,1,0,0,0,2,0,1,0,0,2,1,2,0,0,0,0,0,0,0
Hating,TRUE,1,0,0,1,0,0,0,1,0,0,1,1,0,0,0,0,0,0,0,0
Having sex,TRUE,2,4,0,0,0,8,2,5,0,0,6,4,5,0,2,0,0,0,2,0
Healing,TRUE,0,1,0,0,0,1,0,1,0,0,1,0,1,0,0,0,0,0,0,0
Heating,TRUE,0,1,0,0,0,1,0,1,0,0,1,1,0,0,0,0,0,0,0,0
Helped,FALSE,7,12,0,3,1,15,1,11,0,4,16,5,25,3,1,1,0,0,0,0
Helping,TRUE,10,10,0,12,1,11,2,10,1,2,16,5,37,3,0,0,0,0,0,0
Hesitating,TRUE,1,0,0,0,0,2,1,0,0,0,2,1,3,0,0,0,0,0,0,0
Hiding,TRUE,14,17,0,2,0,33,7,21,1,7,24,14,32,1,0,0,1,0,0,1
Highlighting,TRUE,1,0,0,1,0,0,0,0,0,1,0,0,2,0,0,0,0,0,0,0
Hijacked,FALSE,0,0,0,0,0,1,0,0,0,0,1,0,3,0,0,0,0,0,0,0
Holding,TRUE,0,3,0,0,0,3,0,1,0,0,4,1,6,2,0,0,0,0,0,0
Hoping,TRUE,1,0,0,0,0,1,0,0,1,0,0,0,2,0,0,0,0,0,0,0
Hugging,TRUE,1,0,0,0,0,1,0,1,0,0,1,0,1,0,0,0,0,0,0,0
Hunted,FALSE,8,12,0,1,4,17,3,12,1,6,13,9,26,1,0,1,0,1,0,0
Hunting,TRUE,5,11,0,6,3,12,4,8,0,2,16,2,39,1,0,0,0,1,0,0
Hurt,FALSE,0,2,0,0,0,2,1,1,0,0,2,0,2,0,0,0,0,0,0,0
Hurting,TRUE,0,1,0,0,0,1,0,1,0,0,0,0,1,0,1,0,0,0,0,0
hypnotized,FALSE,0,2,0,0,0,2,0,2,0,1,1,0,2,0,0,0,0,0,0,0
Hypnotizing,TRUE,1,1,0,0,0,2,0,2,0,1,1,0,2,0,0,0,0,0,0,0
Hypothesizing,TRUE,0,1,0,0,0,1,0,1,0,0,1,1,0,0,0,0,0,0,0,0
Identified,FALSE,10,23,0,1,3,35,4,24,4,7,27,12,48,2,0,0,0,0,0,0
Identifying,TRUE,2,5,0,3,0,5,0,1,1,0,5,1,16,1,0,0,0,0,0,0
Ignored,FALSE,2,1,0,1,0,2,1,2,0,0,3,1,2,0,0,0,0,0,0,0
Ignoring,TRUE,1,4,0,1,1,4,0,1,0,0,4,2,11,1,0,0,0,0,0,0
Illuminated,FALSE,1,0,0,0,0,1,1,0,0,0,1,1,0,0,0,0,0,0,0,0
Imagining,TRUE,2,0,0,0,0,2,0,2,0,1,1,1,1,0,0,0,0,0,0,0
Imitated,FALSE,0,1,0,0,0,1,0,1,0,0,1,1,0,0,0,0,0,0,0,0
Impaired,FALSE,0,1,0,1,0,0,0,1,0,0,1,0,1,0,0,0,0,0,0,0
Impersonated,FALSE,2,1,0,0,0,3,1,0,0,0,3,0,4,1,0,0,0,0,0,0
Impersonating,TRUE,2,2,0,2,1,2,0,4,0,0,5,1,6,0,0,0,0,0,0,0
Implanting,TRUE,0,1,0,1,0,0,0,1,0,0,1,0,1,0,0,0,0,0,0,0
Implementing,TRUE,0,1,0,0,0,1,0,0,0,0,1,0,2,0,0,0,0,0,0,0
Impressed,FALSE,1,1,0,0,0,2,0,2,0,0,2,1,1,0,0,0,0,0,0,0
Impressing,TRUE,1,0,0,1,0,0,0,1,0,0,1,0,1,0,0,0,0,0,0,0
Imprisoned,FALSE,0,1,0,0,0,1,0,1,0,0,1,0,1,0,0,0,0,0,0,0
Improving,TRUE,0,1,0,0,0,1,0,1,0,0,1,1,0,0,0,0,0,0,0,0
Incapacitated,FALSE,0,1,0,0,0,1,0,0,0,0,1,0,2,0,0,0,0,0,0,0
Incarcerated,FALSE,1,0,0,0,0,1,1,0,0,0,1,0,1,0,0,0,0,0,0,0
Inexperienced,FALSE,0,1,0,0,0,1,0,1,0,1,0,1,0,0,0,0,0,0,0,0
Infiltrating,TRUE,1,0,0,1,0,1,0,1,0,0,2,0,4,0,0,0,0,0,0,0
Influenced,FALSE,1,0,0,0,0,1,1,0,0,0,1,0,1,0,0,0,0,0,0,0
Influencing,TRUE,1,0,0,0,0,1,0,1,0,0,1,0,1,0,0,0,0,0,0,0
Informed,FALSE,11,16,0,7,0,26,5,17,0,2,28,16,40,3,3,0,0,0,0,1
Informing,TRUE,3,4,0,2,0,6,1,5,1,0,5,2,10,0,1,0,0,0,0,0
Inhabiting,TRUE,0,0,0,0,0,0,0,0,0,0,0,0,4,0,0,0,0,1,0,0
Inhibited,FALSE,1,0,0,0,0,1,0,1,0,1,0,1,0,0,0,0,0,0,0,0
Initiating,TRUE,1,1,0,0,0,2,0,1,0,0,1,0,3,0,0,1,0,0,0,0
Injured,FALSE,1,1,0,0,0,2,1,0,0,0,2,0,2,1,0,0,0,0,0,0
Inspecting,TRUE,0,2,0,0,0,2,0,2,0,0,2,0,1,0,0,1,0,0,0,0
Inspired,FALSE,0,1,0,0,0,2,0,1,0,1,0,1,3,0,1,0,0,0,0,0
Inspiring,TRUE,1,2,0,1,0,2,0,1,0,0,3,0,4,1,0,0,0,0,0,0
Instructed,FALSE,0,1,0,0,0,2,0,1,0,1,0,0,5,0,0,0,0,0,0,0
Instructing,TRUE,2,1,0,3,0,1,0,0,1,0,1,0,11,0,0,0,0,0,0,0
Interacting,TRUE,3,9,0,2,0,13,1,10,2,2,11,7,13,1,0,0,0,0,0,1
Intercepting,TRUE,1,0,0,0,0,1,0,0,0,1,0,0,2,0,0,0,0,0,0,0
Interpreted,FALSE,1,0,0,0,0,1,1,0,0,0,1,0,1,0,0,0,0,0,0,0
Interpreting,TRUE,2,1,0,3,0,3,2,1,0,0,6,0,12,0,0,0,0,0,0,0
Interrogating,TRUE,2,0,0,1,0,1,0,2,0,0,2,1,1,0,0,0,0,0,0,0
Intervening,TRUE,1,0,0,0,0,1,0,1,0,0,1,0,1,0,0,0,0,0,0,0
Interviewed,FALSE,0,0,0,0,0,1,0,0,0,1,0,0,3,0,0,0,0,0,0,0
Intimidated,FALSE,2,0,0,1,0,1,0,0,0,0,2,0,0,2,0,0,0,0,0,2
Intimidating,TRUE,0,1,0,0,1,0,0,1,0,0,0,0,1,0,1,0,0,0,0,0
Introduced,FALSE,0,1,0,0,0,1,0,1,0,0,1,1,0,0,0,0,0,0,0,0
Introducing,TRUE,0,0,0,0,0,1,0,0,0,0,1,0,2,0,0,0,1,0,0,0
Intruding,TRUE,2,2,0,0,0,4,0,2,1,0,3,2,4,0,0,0,0,0,0,0
Invaded,FALSE,1,0,0,1,0,1,0,1,0,1,1,0,4,0,0,0,0,0,0,0
Invading,TRUE,0,1,0,1,0,0,0,1,0,0,1,1,0,0,0,0,0,0,0,0
Inventing,TRUE,1,0,0,0,0,1,1,0,0,0,1,0,1,0,0,0,0,0,0,0
Investigated,FALSE,0,2,0,0,0,3,0,2,0,0,3,0,4,1,0,0,0,0,0,0
Investigating,TRUE,7,19,0,6,0,22,1,18,0,1,27,12,25,2,0,0,0,0,0,0
Irritated,FALSE,0,1,0,0,0,1,0,1,0,1,0,0,1,0,0,0,0,0,0,0
Joking,TRUE,0,1,0,0,0,1,0,1,0,1,0,1,0,0,0,0,0,0,0,0
Judged,FALSE,1,0,0,0,0,2,0,1,0,0,2,1,3,0,0,0,0,0,0,0
Judging,TRUE,0,2,0,1,1,1,0,1,0,0,0,1,8,0,0,0,0,0,0,0
Kidnapped,FALSE,0,1,0,0,0,1,0,0,0,1,0,0,1,1,0,0,0,0,0,0
Killed,FALSE,7,20,0,0,1,29,4,12,3,1,25,5,41,1,0,0,0,0,1,0
Killing,TRUE,7,32,0,12,1,30,4,26,1,2,35,9,60,1,0,0,0,0,0,0
Kissing,TRUE,0,1,0,0,0,1,1,0,0,0,1,0,0,0,0,0,0,0,0,1
Kneeling,TRUE,0,1,0,0,0,1,0,0,0,0,1,0,1,1,0,0,0,0,0,0
Labeled,FALSE,0,1,0,0,1,1,0,0,0,0,1,0,6,0,0,0,0,0,0,0
Labeling,TRUE,0,0,0,1,0,5,0,1,0,0,5,0,18,0,0,0,0,0,0,0
Laughing,TRUE,2,2,0,0,0,5,0,2,0,1,4,1,7,0,0,0,0,0,1,0
Learning,TRUE,13,12,0,5,0,22,2,15,0,4,18,12,30,4,2,0,0,1,0,0
Liberated,FALSE,1,0,0,0,0,1,0,1,0,0,1,1,0,0,0,0,0,0,0,0
Limited,FALSE,1,2,0,1,0,2,1,1,0,0,2,1,4,0,0,0,0,0,0,0
Listening,TRUE,1,4,0,1,0,4,1,3,0,0,5,0,5,1,0,0,0,0,0,0
Located,FALSE,0,2,0,1,1,0,1,1,0,0,2,0,2,0,0,0,0,0,0,0
Locating,TRUE,2,2,0,1,0,4,2,2,0,0,5,1,6,0,0,0,0,0,0,0
Logging,TRUE,0,0,1,1,0,0,0,0,0,0,1,1,1,0,0,0,0,0,0,0
Longing,TRUE,1,1,0,0,0,3,0,1,0,0,3,0,5,1,0,0,0,0,0,0
Looking,TRUE,5,14,0,1,0,19,1,11,0,2,18,8,15,5,0,0,0,0,0,1
Losing,TRUE,1,0,0,0,0,1,1,0,0,0,1,0,0,0,0,0,0,0,1,0
Lost,FALSE,0,1,0,0,0,1,0,1,0,0,1,0,1,0,0,0,0,0,0,0
Loved,FALSE,2,3,0,2,0,3,1,4,0,1,4,4,1,0,0,0,0,0,0,0
Loving,TRUE,2,1,1,4,0,1,0,3,0,0,5,4,4,0,0,0,0,0,0,0
Lured,FALSE,0,1,0,0,0,1,0,0,0,0,1,1,1,0,0,0,0,0,0,0
Lying,TRUE,1,0,0,0,0,1,0,1,0,0,1,0,1,0,0,0,0,0,0,0
Magnified,FALSE,0,1,0,0,0,1,0,1,0,0,1,0,1,0,0,0,0,0,0,0
Maintaining,TRUE,0,1,0,0,0,1,0,0,0,0,1,0,2,0,0,0,0,0,0,0
Malfunctioning,TRUE,0,2,0,3,0,0,0,2,0,0,3,0,5,0,0,0,0,0,0,0
Maneuvering,TRUE,0,2,0,0,0,2,0,2,0,0,2,1,1,0,0,0,0,0,0,0
Manifested,FALSE,1,0,0,1,0,0,0,1,0,0,1,1,0,0,0,0,0,0,0,0
Manipulated,FALSE,5,2,0,0,0,7,0,5,0,1,5,5,4,0,1,0,0,0,0,0
Manipulating,TRUE,6,10,0,5,0,13,3,10,0,1,17,8,16,1,0,0,0,0,0,0
Mapping,TRUE,0,1,0,0,0,1,1,0,0,0,1,0,1,0,0,0,0,0,0,0
Marked,FALSE,0,1,0,0,0,1,0,1,0,0,1,1,0,0,0,0,0,0,0,0
Masked,FALSE,1,1,0,0,0,2,2,0,0,0,2,0,1,0,0,0,0,0,0,1
Matched,FALSE,2,0,0,1,0,1,1,1,0,2,0,0,2,0,0,0,0,0,0,0
Matching,TRUE,0,0,0,1,0,0,0,0,0,0,0,0,4,0,0,0,0,0,0,0
Materialised,FALSE,0,1,0,1,0,0,0,1,0,0,1,0,1,0,0,0,0,0,0,0
Materialising,TRUE,1,0,0,1,0,0,0,0,0,0,1,0,2,0,0,0,0,0,0,0
Measured,FALSE,0,1,0,0,0,1,0,1,0,0,1,0,1,0,0,0,0,0,0,0
Mediating,TRUE,2,1,0,0,0,2,1,1,0,0,3,0,4,1,0,0,0,0,0,0
Merged,FALSE,0,1,0,0,0,1,0,1,0,0,1,1,0,0,0,0,0,0,0,0
Mimicked,FALSE,2,1,0,0,0,3,0,3,0,0,3,1,2,0,0,0,0,0,0,0
Mimicking,TRUE,1,1,0,1,1,2,0,3,1,0,2,0,7,0,0,0,1,0,0,0
Mirroring,TRUE,0,0,0,1,0,0,0,1,1,0,0,0,1,0,0,0,1,0,0,0
Misgendered,FALSE,1,1,0,0,0,2,1,1,0,0,2,0,2,0,0,0,0,0,0,0
Misidentified,FALSE,0,2,0,0,0,2,0,2,0,0,2,2,0,0,0,0,0,0,0,0
Misidentifying,TRUE,1,0,0,0,0,1,0,0,0,0,1,0,1,1,0,0,0,0,0,0
Misinterpreted,FALSE,2,0,0,0,0,3,3,0,0,0,2,0,5,0,0,0,0,0,0,0
Misrepresented,FALSE,1,0,0,0,0,1,0,0,0,1,0,0,2,0,0,0,0,0,0,0
Misrepresenting,TRUE,1,0,0,0,0,1,1,0,0,0,1,1,0,0,0,0,0,0,0,0
Missing,TRUE,2,0,0,1,0,2,1,0,0,0,2,0,7,0,0,0,0,0,0,0
Mistaking,TRUE,0,1,0,1,0,1,1,0,0,0,2,1,3,0,0,0,0,0,0,0
Mocking,TRUE,0,1,0,0,0,1,0,1,0,0,1,0,1,0,0,0,0,0,0,0
Modified,FALSE,0,1,0,1,0,0,0,1,0,0,1,0,1,0,0,0,0,0,0,0
Modifying,TRUE,1,1,0,0,0,2,0,2,1,0,1,0,2,0,0,0,0,0,0,0
Monitored,FALSE,9,8,0,3,3,18,5,6,1,7,15,5,45,3,1,0,0,1,0,0
Monitoring,TRUE,5,7,0,4,0,10,2,5,0,0,12,1,28,1,0,0,0,0,0,0
Morphing,TRUE,1,1,0,1,0,1,0,1,0,0,2,0,3,0,0,0,0,0,0,0
Moving,TRUE,0,1,0,1,0,1,1,0,0,1,1,0,4,0,0,0,0,0,0,0
Multitasking,TRUE,0,1,0,1,0,0,0,0,0,0,0,0,3,0,0,0,0,0,0,0
Mutilated,FALSE,1,0,0,0,0,2,0,0,0,0,2,0,5,0,0,0,0,0,0,0
Mutilating,TRUE,1,1,0,1,0,1,0,1,0,0,2,0,3,0,0,0,0,0,0,0
Nagged,FALSE,0,1,0,0,1,0,0,0,0,0,1,0,2,0,0,0,0,0,0,0
Nagging,TRUE,1,0,0,1,0,0,0,1,0,0,1,0,1,0,0,0,0,0,0,0
Narrating,TRUE,3,0,0,0,0,4,2,0,0,0,3,0,7,0,1,0,0,0,0,0
Nauseated,FALSE,1,0,0,0,0,1,0,1,0,1,0,1,0,0,0,0,0,0,0,0
Navigating,TRUE,5,9,0,3,0,11,4,8,0,0,13,6,9,1,0,1,0,0,0,0
Neglected,FALSE,1,0,0,0,0,1,1,0,0,0,1,0,1,0,0,0,0,0,0,0
Nurtured,FALSE,1,1,0,0,1,1,0,1,0,0,2,0,3,0,0,0,0,0,0,0
Nurturing,TRUE,1,0,0,1,0,0,0,1,0,0,1,0,1,0,0,0,0,0,0,0
Obeying,TRUE,5,2,0,0,0,8,3,3,0,2,5,1,9,1,1,0,0,0,0,0
Obfuscated,FALSE,0,1,0,1,0,1,1,0,0,0,2,0,4,0,0,0,0,0,0,0
Obfuscating,TRUE,2,0,0,0,0,2,0,2,0,2,0,0,1,0,0,0,0,0,0,1
Objectifying,TRUE,0,1,0,0,0,1,1,0,0,0,1,1,0,0,0,0,0,0,0,0
Objecting,TRUE,1,0,0,0,0,1,0,0,0,0,0,0,2,0,1,0,0,0,0,0
Obscured,FALSE,0,1,0,0,0,1,0,0,0,0,1,1,1,0,0,0,0,0,0,0
Obscuring,TRUE,1,0,0,0,0,1,0,1,0,0,1,1,0,0,0,0,0,0,0,0
Observed,FALSE,6,7,0,1,3,12,3,7,1,1,11,3,25,0,0,0,0,0,0,0
Observing,TRUE,11,19,0,8,1,23,3,16,1,1,26,8,39,4,0,0,0,0,0,0
Obsessed,FALSE,1,2,0,0,0,3,2,0,0,0,3,1,1,0,0,0,0,0,2,0
Obstructed,FALSE,0,1,0,0,0,1,0,1,0,0,1,0,1,0,0,0,0,0,0,0
Obstructing,TRUE,0,1,0,0,0,1,0,1,0,0,1,0,1,0,0,0,0,0,0,0
Operated,FALSE,0,1,0,1,0,0,0,0,0,0,1,0,2,0,0,0,0,0,0,0
Operating,TRUE,3,2,0,0,1,6,3,1,0,0,6,0,11,2,0,0,0,0,0,0
Oppressed,FALSE,4,3,0,0,0,7,2,4,0,2,5,2,5,0,0,0,0,0,1,0
Orchestrated,FALSE,0,1,0,0,0,1,0,1,0,0,2,1,4,0,0,0,0,0,0,0
Ordering,TRUE,0,2,0,1,0,2,0,2,0,0,2,1,4,0,0,1,0,0,0,0
Organizing,TRUE,0,1,0,0,0,1,0,1,0,0,1,1,0,0,0,0,0,0,0,0
Outsmarted,FALSE,0,0,0,1,0,0,0,1,1,0,0,0,1,0,0,0,1,0,0,0
Outsmarting,TRUE,1,0,0,1,0,0,0,1,0,0,1,0,1,0,0,0,0,0,0,0
Overlayed,FALSE,1,0,0,0,0,1,0,1,0,0,1,0,1,0,0,0,0,0,0,0
Overlooking,TRUE,1,3,0,2,0,2,0,4,0,0,4,3,1,0,0,0,0,0,0,0
Overwhelmed,FALSE,2,3,0,2,0,4,1,3,0,0,6,2,6,1,0,0,0,0,0,0
Overworked,FALSE,1,0,0,0,0,2,1,0,0,1,1,0,4,0,0,0,0,0,0,0
Painting,TRUE,1,0,0,0,0,1,0,1,0,0,1,1,0,0,0,0,0,0,0,0
Panicking,TRUE,2,5,1,2,0,6,1,4,0,0,8,4,5,2,0,0,0,0,0,0
Participating,TRUE,1,2,0,0,0,3,1,2,0,0,3,2,0,0,0,0,0,0,0,1
Passive,FALSE,1,0,0,0,1,0,0,0,0,0,1,0,2,0,0,0,0,0,0,0
Patrolling,TRUE,0,1,0,0,0,1,0,0,0,0,1,0,2,0,0,0,0,0,0,0
Paying,TRUE,2,0,0,0,0,2,0,1,0,1,1,0,2,0,0,0,0,0,0,1
Performing,TRUE,3,3,0,0,0,8,1,6,0,0,8,1,9,0,0,0,1,0,0,0
Persuaded,FALSE,1,1,0,0,0,2,0,2,0,0,1,2,0,0,1,0,0,0,0,0
Persuading,TRUE,0,2,0,2,0,0,0,1,0,0,1,0,4,0,0,0,0,0,0,0
Philosophising,TRUE,0,2,0,0,0,2,0,2,0,0,2,1,1,0,0,0,0,0,0,0
Photographed,FALSE,0,2,0,0,0,5,0,2,0,0,5,0,10,0,0,0,1,0,0,0
Photographing,TRUE,3,2,0,1,0,5,1,2,0,2,3,2,8,0,0,0,0,0,0,1
Picking,TRUE,0,1,0,0,0,1,0,1,0,0,1,0,1,0,0,0,0,0,0,0
Pierced,FALSE,1,0,0,0,0,1,0,0,0,1,0,1,1,0,0,0,0,0,0,0
Planning,TRUE,6,8,0,4,2,12,2,5,0,4,8,7,27,3,2,0,0,0,0,0
Playing,TRUE,7,9,0,3,0,12,0,11,2,2,11,7,12,3,0,0,0,1,0,0
Pleased,FALSE,1,1,0,1,0,1,1,1,0,0,2,1,1,0,0,0,0,0,0,0
Pleasuring,TRUE,1,0,0,1,0,0,0,1,0,0,1,1,0,0,0,0,0,0,0,0
Plotting,TRUE,2,0,0,0,0,2,0,2,0,1,1,0,2,0,0,0,0,0,0,0
Pointing,TRUE,0,1,0,0,0,1,0,0,0,0,1,0,1,1,0,0,0,0,0,0
Posing,TRUE,1,4,0,0,0,7,2,2,0,0,7,0,9,1,0,0,1,0,0,1
Practicing,TRUE,0,2,0,1,0,1,0,2,0,0,2,1,1,0,0,0,0,0,0,0
Pranked,FALSE,0,1,0,0,0,1,0,1,0,1,0,0,1,0,0,0,0,0,0,0
Pranking,TRUE,1,0,0,0,0,1,0,1,0,1,0,0,1,0,0,0,0,0,0,0
Predicted,FALSE,0,1,0,0,0,1,0,1,0,0,1,0,1,0,0,0,0,0,0,0
Predicting,TRUE,5,1,0,3,1,3,0,2,0,0,6,0,13,1,0,0,0,0,0,0
Preoccupied,FALSE,0,1,0,1,0,0,0,0,0,0,0,0,3,0,0,0,0,0,0,0
Preoccupying,TRUE,0,1,0,0,1,0,0,0,0,0,0,0,3,0,0,0,0,0,0,0
Preparing,TRUE,0,2,0,0,0,2,0,2,0,0,2,0,2,0,0,0,0,0,0,0
Presented,FALSE,1,1,0,1,0,1,0,2,0,0,2,0,2,0,0,0,0,0,0,0
Presenting,TRUE,0,3,0,0,0,3,1,2,0,0,3,0,3,0,0,0,0,0,0,0
Pretending,TRUE,3,5,0,0,0,8,0,6,0,0,8,2,7,1,0,0,0,0,0,0
Printing,TRUE,0,1,0,0,0,1,1,0,0,0,1,0,1,0,0,0,0,0,0,0
Problem-solving,TRUE,2,1,0,3,0,1,1,2,0,0,3,0,7,0,0,0,0,0,0,0
Processing,TRUE,5,1,0,5,0,2,3,0,1,0,5,1,11,1,0,0,0,0,0,0
Proctecting,TRUE,1,0,0,0,1,0,0,0,0,0,0,0,3,0,0,0,0,0,0,0
Profiling,TRUE,0,1,0,0,0,1,0,1,0,0,1,1,0,0,0,0,0,0,0,0
Programming,TRUE,0,1,0,0,0,1,0,0,0,0,1,0,2,0,0,0,0,0,0,0
Projected,FALSE,4,6,0,5,3,4,1,9,2,0,8,5,9,0,2,0,2,0,0,0
Projecting,TRUE,3,1,0,2,2,0,0,2,0,0,4,2,4,0,0,0,0,0,0,0
Protected,FALSE,6,7,0,1,0,14,5,7,1,1,13,6,13,1,0,0,0,0,0,0
Protecting,TRUE,5,12,0,4,1,14,2,11,0,0,16,10,19,1,0,0,0,0,0,0
Protesting,TRUE,1,3,0,0,0,4,2,2,0,0,4,0,3,0,0,0,0,0,0,1
Provoked,FALSE,0,1,0,0,0,1,0,1,0,0,0,1,0,0,1,0,0,0,0,0
Provoking,TRUE,0,1,0,0,0,1,0,1,0,1,0,0,1,0,0,0,0,0,0,0
Punched,FALSE,0,1,0,0,0,1,0,1,0,0,1,0,1,0,0,0,0,0,0,0
Punching,TRUE,0,2,0,0,0,2,0,0,0,1,1,0,3,1,0,0,0,0,0,0
Punished,FALSE,1,1,0,0,0,2,1,1,0,0,2,1,1,0,0,0,0,0,0,0
Puppeteering,TRUE,0,1,0,0,0,1,0,0,0,0,1,0,1,1,0,0,0,0,0,0
Puzzled,FALSE,0,1,0,0,0,1,0,1,0,0,1,1,0,0,0,0,0,0,0,0
Quantifying,TRUE,1,0,0,0,0,1,1,0,0,0,1,0,1,0,0,0,0,0,0,0
Questioned,FALSE,3,3,0,1,0,5,2,3,0,1,4,2,6,0,0,0,0,0,0,0
Questioning,TRUE,6,3,0,0,0,10,3,5,1,1,7,1,17,0,1,0,0,0,0,0
Racing,TRUE,0,2,0,0,0,2,0,2,0,0,2,0,2,0,0,0,0,0,0,0
Rapping,TRUE,0,2,0,0,0,2,2,0,0,0,2,0,2,0,0,0,0,0,0,0
Reacting,TRUE,1,0,0,0,0,1,0,1,0,0,1,1,0,0,0,0,0,0,0,0
Reading,TRUE,1,3,0,1,0,4,1,0,0,0,4,2,7,2,0,0,0,0,0,0
Realizing,TRUE,0,2,0,0,1,2,1,0,0,0,3,1,4,1,0,0,0,0,0,0
Reassured,FALSE,1,0,0,0,0,1,1,0,0,0,1,1,0,0,0,0,0,0,0,0
Reassuring,TRUE,3,0,0,3,0,1,0,3,0,0,4,2,4,0,0,0,0,0,0,0
Rebooted,FALSE,0,1,0,1,0,0,0,1,0,0,1,0,1,0,0,0,0,0,0,0
Rebooting,TRUE,0,1,0,0,0,1,0,1,0,0,1,0,1,0,0,0,0,0,0,0
Recalling,TRUE,0,0,0,1,0,0,0,0,0,0,0,0,4,0,0,0,0,0,0,0
Receiving,TRUE,1,1,0,0,0,2,1,1,0,1,1,0,2,0,0,0,0,0,0,0
Recognised,FALSE,5,2,0,1,1,5,1,4,0,1,6,3,6,0,0,0,0,0,0,0
Recognising,TRUE,1,4,0,5,0,3,1,0,0,0,5,1,18,2,0,0,0,0,0,0
Reconfiguring,TRUE,1,0,0,0,0,1,1,0,0,0,1,0,1,0,0,0,0,0,0,0
Reconstructed,FALSE,1,1,0,0,0,2,0,1,0,0,2,0,2,1,0,0,0,0,0,0
Reconstructing,TRUE,0,1,0,0,0,2,0,1,0,0,1,1,4,0,0,0,0,0,0,0
Recorded,FALSE,9,10,0,0,0,21,1,10,2,4,12,6,35,2,2,0,0,1,0,0
Recording,TRUE,3,2,0,4,0,4,1,1,0,1,7,1,20,0,0,0,0,1,0,0
Recruited,FALSE,0,1,0,0,0,1,1,0,0,0,1,1,0,0,0,0,0,0,0,0
Refused,FALSE,1,0,0,0,0,1,1,0,0,1,0,0,1,0,0,0,0,0,0,0
Refusing,TRUE,0,1,0,0,0,1,0,0,0,0,1,1,1,0,0,0,0,0,0,0
Registered,FALSE,1,0,0,0,0,1,1,0,0,0,1,0,1,0,0,0,0,0,0,0
Rejected,FALSE,0,1,0,0,0,1,0,0,0,0,1,1,0,1,0,0,0,0,0,0
Rejecting,TRUE,0,0,0,0,0,1,0,1,0,0,0,1,1,0,1,0,0,0,0,0
Relaxed,FALSE,1,0,0,0,0,1,0,1,0,1,0,1,0,0,0,0,0,0,0,0
Releasing,TRUE,0,1,0,0,0,1,0,1,0,0,1,0,1,0,0,0,0,0,0,0
Relived,FALSE,0,1,0,0,0,1,0,0,0,0,1,0,2,0,0,0,0,0,0,0
Reliving,TRUE,1,2,0,0,0,3,0,2,0,0,2,1,3,0,1,0,0,0,0,0
Relocating,TRUE,1,0,0,1,0,0,0,1,0,0,1,0,1,0,0,0,0,0,0,0
Remade,FALSE,0,1,0,0,0,1,0,0,0,1,0,1,0,1,0,0,0,0,0,0
Remembered,FALSE,1,1,0,0,0,2,0,1,0,1,1,1,2,0,0,0,0,0,0,0
Remembering,TRUE,3,8,0,3,0,8,0,5,0,1,8,4,12,2,1,0,0,0,0,0
Reminded,FALSE,0,2,0,0,0,3,1,1,0,0,1,1,4,0,2,0,0,0,0,0
Reminding,TRUE,0,2,0,1,0,1,1,0,0,0,1,0,4,0,0,0,0,0,0,0
Removed,FALSE,0,0,0,0,0,0,0,0,0,0,0,0,4,0,0,0,0,1,0,0
Removing,TRUE,1,2,0,1,0,2,1,1,0,0,2,1,2,1,1,0,0,0,0,0
Repaired,FALSE,1,0,0,1,0,0,0,0,0,0,1,0,2,0,0,0,0,0,0,0
Repairing,TRUE,2,2,0,1,0,3,0,2,0,1,2,0,7,0,0,0,0,0,0,0
Replaced,FALSE,1,3,0,0,0,4,0,3,0,0,4,0,4,1,0,0,0,0,0,0
Replacing,TRUE,2,2,0,1,0,4,0,3,0,1,3,1,8,0,0,0,0,0,0,0
Replicated,FALSE,1,2,0,0,0,4,0,2,0,1,3,1,4,1,0,0,1,0,0,0
Replicating,TRUE,1,0,0,1,0,0,0,0,0,0,1,0,1,1,0,0,0,0,0,0
Replugged,FALSE,1,0,0,1,0,0,0,0,0,0,1,0,2,0,0,0,0,0,0,0
Reported,FALSE,2,0,0,0,0,3,2,1,0,2,1,2,2,0,0,0,0,0,0,0
Reporting,TRUE,0,2,0,0,0,2,0,0,0,0,2,1,3,0,0,0,0,0,0,0
Represented,FALSE,1,1,0,0,0,2,0,1,0,2,0,1,2,0,0,0,0,0,0,0
Repurposing,TRUE,0,4,0,1,0,3,0,3,0,1,3,4,1,0,0,0,0,0,0,0
Rescued,FALSE,5,3,0,1,0,7,1,6,1,1,6,1,16,0,0,0,0,2,0,0
Rescuing,TRUE,3,7,0,2,0,9,1,5,3,0,5,1,18,0,1,0,0,0,0,0
Researching,TRUE,3,3,0,0,2,6,0,4,0,0,7,3,10,0,1,0,0,0,1,0
Resetting,TRUE,0,1,0,0,0,1,0,0,0,0,1,0,1,1,0,0,0,0,0,0
Resisting,TRUE,3,1,0,1,0,4,2,1,1,0,2,1,7,0,1,0,0,0,1,0
Responding,TRUE,0,0,0,0,1,0,1,0,0,0,0,0,3,0,0,0,0,0,0,0
Restoring,TRUE,1,0,0,0,1,0,0,0,0,0,0,0,3,0,0,0,0,0,0,0
Retrying,TRUE,0,1,0,0,0,1,0,1,0,0,1,0,1,0,0,0,0,0,0,0
Returning,TRUE,1,1,0,1,0,1,0,2,0,0,2,0,2,0,0,0,0,0,0,0
Revealed,FALSE,5,7,0,1,6,10,1,9,0,2,10,6,28,0,0,0,0,0,0,0
Revealing,TRUE,4,7,0,4,1,6,2,4,0,1,9,5,11,1,0,0,0,0,0,0
Rewatching,TRUE,1,1,0,0,0,2,0,2,0,0,2,2,0,0,0,0,0,0,0,0
Rewinding,TRUE,0,1,0,1,0,0,0,1,0,0,1,1,0,0,0,0,0,0,0,0
Risking,TRUE,0,1,0,0,0,1,0,1,0,0,1,0,1,0,0,0,0,0,0,0
Robbed,FALSE,0,1,0,0,0,1,0,1,0,0,1,0,1,0,0,0,0,0,0,0
Robbing,TRUE,0,2,0,0,0,2,0,1,0,0,2,1,2,0,0,0,0,0,0,0
Role-playing,TRUE,0,2,0,0,0,2,2,0,0,0,2,0,0,0,0,0,0,0,2,0
Ruminating,TRUE,0,1,0,0,0,1,0,1,0,0,1,0,1,0,0,0,0,0,0,0
Rummaging,TRUE,0,1,0,0,0,1,1,0,0,0,1,1,0,0,0,0,0,0,0,0
Running,TRUE,2,5,0,1,0,7,3,3,1,3,4,4,11,0,0,0,0,1,0,0
Safeguarding,TRUE,1,0,0,0,0,1,0,1,0,0,1,1,0,0,0,0,0,0,0,0
Saved,FALSE,0,1,0,0,0,2,0,0,2,0,0,0,4,1,0,0,0,0,0,0
Saving,TRUE,3,0,1,3,0,2,0,1,0,0,4,1,7,2,0,0,0,0,1,0
Scanned,FALSE,26,28,0,5,3,49,10,35,1,10,47,18,65,4,1,0,0,2,0,1
Scanning,TRUE,7,18,0,16,0,16,3,10,0,1,21,9,57,1,0,0,0,0,1,0
Scared,FALSE,14,10,0,1,0,28,5,12,1,5,21,9,36,5,2,0,0,1,0,0
Scaring,TRUE,0,1,0,1,1,0,0,1,0,0,1,0,5,0,0,0,0,0,0,0
Scouting,TRUE,3,5,0,0,0,8,3,4,0,0,8,0,9,0,0,0,0,0,0,0
Screaming,TRUE,2,0,0,0,0,2,0,0,1,0,1,0,4,0,0,0,0,0,0,0
Scrolling,TRUE,1,0,0,0,0,1,0,0,0,0,1,0,2,0,0,0,0,0,0,0
Searching,TRUE,14,26,0,9,1,32,8,19,0,3,37,19,39,6,1,0,0,1,0,0
Seeing,TRUE,14,22,2,12,0,29,5,18,0,5,35,17,35,7,1,0,0,0,0,3
Seeking,TRUE,1,2,0,2,0,1,0,3,0,0,3,2,1,0,0,0,0,0,0,0
Seen,FALSE,3,3,0,1,1,5,3,2,0,3,3,4,7,0,0,0,0,0,0,0
Selecting,TRUE,1,0,0,0,0,2,1,0,0,0,2,1,3,0,0,0,0,0,0,0
Self-diagnosing,TRUE,1,0,0,1,0,0,0,1,0,0,1,0,1,0,0,0,0,0,0,0
Sensing,TRUE,2,0,0,0,0,3,0,0,0,0,3,0,6,1,0,0,0,0,0,0
Sharing,TRUE,4,1,0,3,0,3,4,0,0,0,5,1,13,0,1,0,0,0,0,0
Shocked,FALSE,3,2,0,0,1,4,2,2,0,0,5,2,4,0,0,0,0,0,0,0
Shooting,TRUE,0,8,0,2,0,8,1,3,0,0,9,2,16,1,0,0,0,0,0,0
Shot,FALSE,0,0,0,1,1,0,0,0,0,0,0,0,8,0,0,0,0,0,0,0
Shouting,TRUE,1,1,0,1,0,1,0,2,0,0,2,1,1,0,0,0,0,0,0,0
Showed,FALSE,0,2,0,0,0,3,0,1,0,1,1,1,5,1,0,0,0,0,0,0
Showing,TRUE,4,6,0,3,1,8,6,3,0,1,10,7,11,0,0,0,0,0,0,0
Signing,TRUE,1,0,0,0,0,1,1,0,0,0,1,0,1,0,0,0,0,0,0,0
Simulated,FALSE,0,0,0,1,0,0,0,0,0,0,1,0,3,0,0,0,0,0,0,0
Simulating,TRUE,0,2,0,1,0,1,0,1,0,0,2,1,2,0,0,0,0,0,0,0
Singing,TRUE,2,3,0,2,0,4,0,4,0,0,6,0,9,0,0,0,0,0,0,0
Sleeping,TRUE,1,0,0,0,0,1,0,0,0,0,1,0,2,0,0,0,0,0,0,0
Smiling,TRUE,2,2,0,1,0,3,1,2,0,0,4,1,3,0,0,0,0,0,0,1
Sneaking,TRUE,2,3,0,1,0,5,0,3,0,0,6,1,8,1,0,0,0,0,0,0
Sniped,FALSE,0,1,0,0,0,1,0,0,0,0,1,0,2,0,0,0,0,0,0,0
Sniping,TRUE,0,2,0,0,0,2,0,1,0,0,2,0,3,0,0,0,0,0,0,0
Socialising,TRUE,2,0,0,2,0,2,0,1,0,0,4,0,8,0,0,0,0,0,0,1
Solving,TRUE,1,1,0,1,0,2,0,2,0,0,3,2,3,0,0,0,0,0,0,0
Soothed,FALSE,0,1,0,0,0,1,0,0,0,0,0,0,2,0,1,0,0,0,0,0
Soothing,TRUE,1,0,0,0,0,1,0,1,0,0,1,0,1,0,0,0,0,0,0,0
Sorting,TRUE,0,1,0,0,0,1,0,1,0,0,1,0,1,0,0,0,0,0,0,0
Sousveilling,TRUE,0,1,0,0,0,1,1,0,0,0,1,0,1,0,0,0,0,0,0,0
Spilling,TRUE,1,0,0,0,0,1,0,0,0,0,1,0,2,0,0,0,0,0,0,0
Spying,TRUE,2,14,0,2,0,14,3,9,1,0,14,10,16,0,0,0,0,0,0,0
Stabbing,TRUE,1,1,0,1,0,1,0,2,0,0,2,1,1,0,0,0,0,0,0,0
Stalking,TRUE,3,1,0,0,0,3,1,1,0,0,4,2,5,0,0,0,0,0,0,0
Startled,FALSE,0,1,0,0,0,1,1,0,0,0,1,0,0,0,0,0,0,0,0,1
Starving,TRUE,0,1,0,0,0,1,0,1,0,0,1,0,1,0,0,0,0,0,0,0
Stealing,TRUE,2,5,0,0,0,8,3,3,0,0,6,1,11,0,1,0,0,0,0,0
Steering,TRUE,0,1,0,0,0,1,0,1,0,0,1,1,0,0,0,0,0,0,0,0
Stopped,FALSE,1,1,0,0,0,2,0,1,0,0,2,1,2,0,0,0,0,0,0,0
Stopping,TRUE,1,2,0,1,0,2,0,1,0,0,3,0,4,1,0,0,0,0,0,0
Strategising,TRUE,0,1,0,0,0,1,0,1,0,0,1,1,0,0,0,0,0,0,0,0
Streamed,FALSE,3,3,0,1,5,2,1,0,0,3,2,3,15,2,0,0,0,0,0,0
Streaming,TRUE,0,0,0,0,0,0,0,0,0,0,0,0,5,0,0,0,0,0,0,0
Studying,TRUE,0,2,0,1,0,2,0,0,0,0,2,1,7,0,0,0,0,0,0,0
Stumbling,TRUE,0,1,0,0,0,1,0,1,0,1,0,0,1,0,0,0,0,0,0,0
Subverting,TRUE,1,0,0,0,0,3,0,1,0,1,0,0,9,0,0,0,0,0,0,0
Suffering,TRUE,0,1,0,0,0,1,0,0,0,0,1,0,1,1,0,0,0,0,0,0
Suiciding,TRUE,1,1,0,0,0,2,1,0,0,1,1,1,2,0,0,0,0,0,0,0
Supporting,TRUE,0,0,0,1,0,0,0,0,0,0,1,0,3,0,0,0,0,0,0,0
Surprised,FALSE,3,10,0,0,0,14,2,11,0,2,11,7,8,1,1,0,0,0,0,0
Surprising,TRUE,3,1,0,0,0,4,0,4,0,0,4,1,3,0,0,0,0,0,0,0
Surrounded,FALSE,0,1,0,1,0,0,0,0,0,0,0,0,3,0,0,0,0,0,0,0
Surveilled,FALSE,12,15,0,0,2,27,9,16,3,7,17,11,24,2,0,0,0,0,0,0
Surveilling,TRUE,5,15,0,6,2,18,2,14,0,0,21,7,38,1,1,0,0,0,0,0
Surviving,TRUE,0,4,0,0,0,4,1,1,0,1,3,2,3,1,0,0,0,0,0,0
Suspected,FALSE,0,2,0,1,0,2,2,0,0,1,1,0,6,0,0,0,0,0,0,0
Suspecting,TRUE,1,5,0,0,0,6,0,3,0,1,5,1,7,1,0,0,0,0,0,0
Sweating,TRUE,1,0,0,0,0,1,1,0,0,0,1,0,1,0,0,0,0,0,0,0
Swiping,TRUE,0,1,0,0,0,1,0,0,0,0,1,1,0,1,0,0,0,0,0,0
Taking,TRUE,0,1,0,1,0,0,1,0,0,0,1,0,1,0,0,0,0,0,0,0
Talking,TRUE,5,5,0,3,1,7,1,4,1,0,10,6,10,2,0,0,0,0,0,0
Targeted,FALSE,4,5,0,2,1,7,2,5,1,0,9,2,15,1,0,0,0,0,1,0
Targeting,TRUE,2,4,0,2,1,4,2,2,1,0,6,3,13,0,0,0,0,0,0,0
Tasking,TRUE,1,0,0,0,0,1,0,1,0,0,1,0,1,0,0,0,0,0,0,0
Taught,FALSE,0,1,0,0,0,1,0,1,0,0,1,1,0,0,0,0,0,0,0,0
Taunted,FALSE,0,1,0,0,0,1,0,1,0,0,1,0,1,0,0,0,0,0,0,0
Taunting,TRUE,0,1,0,0,0,1,0,1,0,0,1,1,0,0,0,0,0,0,0,0
Teaching,TRUE,3,0,0,3,0,0,0,0,0,0,3,0,6,0,0,0,0,0,0,0
Teased,FALSE,1,1,0,0,0,2,1,1,0,0,2,2,0,0,0,0,0,0,0,0
Teasing,TRUE,0,1,0,0,0,1,0,1,0,0,1,1,0,0,0,0,0,0,0,0
Telling,TRUE,0,1,0,0,0,1,0,0,0,0,1,0,1,1,0,0,0,0,0,0
Tempted,FALSE,0,1,0,0,0,1,0,1,0,1,0,1,0,0,0,0,0,0,0,0
Tested,FALSE,1,0,0,0,0,1,1,0,0,0,1,0,1,0,0,0,0,0,0,0
Testing,TRUE,2,4,0,1,0,6,0,3,0,0,6,2,10,1,0,0,0,0,0,0
Thanking,TRUE,0,1,0,0,0,2,0,1,0,0,1,1,4,0,0,0,0,0,0,0
Thinking,TRUE,0,1,0,0,0,1,1,0,0,0,1,0,1,0,0,0,0,0,0,0
Threatened,FALSE,6,6,0,0,1,12,3,10,0,3,10,7,7,0,0,0,0,0,0,0
Threatening,TRUE,2,5,0,4,0,4,1,4,0,0,7,3,9,1,0,0,0,0,0,0
Tired,FALSE,2,0,0,0,0,2,1,1,0,0,2,1,1,0,0,0,0,0,0,0
Tormented,FALSE,1,0,0,0,0,1,0,1,0,0,1,1,0,0,0,0,0,0,0,0
Tormenting,TRUE,0,1,0,0,0,1,0,1,0,0,1,1,0,0,0,0,0,0,0,0
Torturing,TRUE,1,0,0,0,0,1,0,0,0,0,1,1,1,0,0,0,0,0,0,0
Touching,TRUE,1,0,0,0,0,1,0,0,0,0,1,0,2,0,0,0,0,0,0,0
Tracked,FALSE,5,9,0,1,1,13,3,7,1,1,13,8,16,1,0,0,0,1,0,0
Tracking,TRUE,5,14,0,4,2,15,6,8,0,0,19,4,28,0,0,0,0,0,0,0
Trained,FALSE,0,1,0,0,0,1,0,0,0,0,1,0,2,0,0,0,0,0,0,0
Training,TRUE,2,1,0,1,0,3,0,1,0,1,3,0,11,2,0,0,0,0,0,0
Trancing,TRUE,0,1,0,0,0,1,0,1,0,0,1,0,1,0,0,0,0,0,0,0
Transcending,TRUE,0,1,0,0,0,1,0,1,0,0,1,0,1,0,0,0,0,0,0,0
transmitted,FALSE,1,0,0,0,0,1,0,1,0,0,1,1,0,0,0,0,0,0,0,0
Transmitting,TRUE,0,0,0,3,0,0,0,0,0,0,2,0,10,0,0,0,0,0,0,0
Transported,FALSE,1,1,0,0,0,2,1,1,0,0,2,0,2,0,0,0,0,0,0,0
Transporting,TRUE,1,1,0,1,0,1,0,2,0,0,2,0,1,0,0,1,0,0,0,0
Trapped,FALSE,3,3,0,0,1,6,1,2,1,1,5,1,11,0,0,0,0,0,0,0
Trapping,TRUE,0,1,0,0,0,1,0,1,0,0,1,0,1,0,0,0,0,0,0,0
Travelling,TRUE,3,2,0,1,0,4,1,2,0,1,4,1,2,2,0,0,0,0,0,2
Trespassing,TRUE,0,1,0,0,1,0,0,0,0,0,1,1,1,0,0,0,0,0,0,0
Tricked,FALSE,5,8,0,2,1,12,2,11,0,3,11,11,9,0,0,0,0,0,0,0
Tricking,TRUE,9,11,1,2,1,21,3,17,1,3,18,9,23,0,0,0,0,0,0,1
Triggering,TRUE,0,1,0,0,0,1,0,1,0,0,1,0,1,0,0,0,0,0,0,0
Trusted,FALSE,0,1,0,0,0,1,1,0,0,0,1,1,0,0,0,0,0,0,0,0
Trusting,TRUE,5,1,0,0,0,6,0,5,1,2,3,0,7,0,0,0,0,0,0,0
Trying,TRUE,0,1,0,1,0,0,0,1,0,0,1,0,1,0,0,0,0,0,0,0
Unaware,FALSE,5,4,0,2,2,8,1,4,2,1,5,2,26,1,1,0,0,1,0,0
Uncomfortable,FALSE,1,0,0,0,0,1,0,1,0,1,0,1,0,0,0,0,0,0,0,0
Understanding,TRUE,3,0,0,1,0,3,1,2,0,0,3,1,6,0,0,0,0,0,0,0
Undressing,TRUE,0,1,0,0,0,1,0,1,0,0,1,0,1,0,0,0,0,0,0,0
Unlocking,TRUE,2,3,0,0,0,5,0,4,0,1,4,2,4,0,0,0,0,0,0,0
Unplugging,TRUE,0,1,0,0,0,1,0,0,0,0,1,0,1,1,0,0,0,0,0,0
Unsettled,FALSE,1,0,0,1,0,1,1,0,0,0,2,0,4,0,0,0,0,0,0,0
Upgraded,FALSE,1,1,0,2,0,1,1,1,0,0,3,1,4,0,0,0,0,0,0,0
Upgrading,TRUE,0,1,0,1,0,0,0,1,0,0,1,0,1,0,0,0,0,0,0,0
Uploaded,FALSE,0,1,0,0,0,1,0,1,0,0,1,1,0,0,0,0,0,0,0,0
uploading,TRUE,1,0,0,0,0,1,1,0,0,0,1,0,1,0,0,0,0,0,0,0
Used,FALSE,4,0,0,0,0,4,0,4,0,1,3,1,3,0,0,0,0,0,0,0
Using,TRUE,5,1,0,0,0,7,1,4,0,2,4,2,7,1,1,0,0,0,0,0
Verified,FALSE,2,0,0,0,0,2,0,1,0,0,2,0,3,0,0,0,0,0,0,0
Verifying,TRUE,1,0,0,1,0,0,0,0,0,0,1,0,2,0,0,0,0,0,0,0
Viewed,FALSE,2,3,0,0,0,7,1,3,1,0,5,0,11,1,0,0,1,0,0,0
Viewing,TRUE,3,1,0,0,0,5,1,2,0,0,5,3,5,0,0,0,0,0,0,0
Visiting,TRUE,1,0,0,0,0,1,0,1,0,0,1,1,0,0,0,0,0,0,0,0
Visualised,FALSE,0,1,0,1,0,0,0,0,0,0,0,0,3,0,0,0,0,0,0,0
Visualising,TRUE,0,2,0,2,0,0,0,2,0,0,2,2,0,0,0,0,0,0,0,0
Vlogging,TRUE,0,1,0,0,0,1,0,0,0,0,1,1,1,0,0,0,0,0,0,0
Waiting,TRUE,0,3,0,1,0,3,0,1,0,0,2,0,8,1,1,0,0,0,0,0
Walking,TRUE,4,8,0,0,0,12,2,6,0,2,9,5,8,3,1,0,0,0,0,0
Wandering,TRUE,0,1,0,0,0,1,0,0,0,0,1,0,1,1,0,0,0,0,0,0
Warned,FALSE,3,0,0,0,0,3,2,1,0,1,2,2,1,0,0,0,0,0,0,0
Warning,TRUE,0,1,0,0,0,2,1,0,0,0,2,0,4,0,0,0,0,0,0,0
Watched,FALSE,30,18,0,3,5,49,8,29,5,11,37,23,74,1,0,0,0,1,0,1
Watching,TRUE,26,45,1,17,6,67,14,35,5,5,71,20,138,7,0,0,0,1,0,2
Weakened,FALSE,0,1,0,1,0,1,0,1,0,0,1,0,5,0,0,0,0,0,0,0
Wearing,TRUE,1,0,0,0,0,2,1,0,0,0,2,0,4,0,0,0,0,0,0,0
Welcomed,FALSE,0,0,0,0,0,1,0,1,0,0,1,0,2,0,0,0,0,0,0,0
Welcoming,TRUE,1,0,0,1,0,0,0,0,0,0,1,0,2,0,0,0,0,0,0,0
Winning,TRUE,0,2,0,0,0,2,0,2,0,1,1,1,1,0,0,0,0,0,0,0
Wishing,TRUE,0,1,0,0,0,1,0,1,0,0,0,1,0,0,1,0,0,0,0,0
Withdrawing,TRUE,0,1,0,0,0,1,0,0,0,0,1,0,2,0,0,0,0,0,0,0
Witnessing,TRUE,2,2,0,0,0,4,0,3,0,0,4,2,3,0,0,0,0,0,0,0
Working,TRUE,4,0,0,1,0,4,1,1,0,0,5,0,13,1,0,0,0,0,0,0
Worrying,TRUE,2,2,0,3,0,3,1,2,0,1,5,3,8,0,0,0,0,0,0,0
Wounded,FALSE,0,1,0,0,1,1,0,0,0,0,1,0,6,0,0,0,0,0,0,0
Wounding,TRUE,0,1,0,0,0,1,0,1,0,0,1,0,1,0,0,0,0,0,0,0
Yelling,TRUE,1,1,0,0,0,2,0,2,0,1,1,1,1,0,0,0,0,0,0,0
Zooming,TRUE,3,0,0,1,1,1,1,0,0,0,2,1,5,0,0,0,0,0,0,0
NA,NA,13,25,0,5,1,33,4,22,0,7,30,19,34,3,1,0,0,1,0,2
