Verb,target,SituationID,Government,Narrative,Art,User,Humans in general,Corporation,Game,Object,Image,Creator,Law enforcement,Environment,Military
Abusing,TRUE,2709,1,1,0,0,0,0,0,0,0,0,0,0,0
Accessing,TRUE,1652,0,0,1,1,0,0,0,0,0,0,0,0,0
Accessing,TRUE,2383,0,1,0,0,1,0,0,0,0,0,0,0,0
Accessing,TRUE,2806,0,0,0,0,1,1,2,0,0,0,0,0,0
Accessing,TRUE,3062,0,0,0,1,0,0,1,0,0,0,0,0,0
Accumulating,TRUE,1636,0,0,1,0,0,1,0,0,0,0,0,0,0
Acquired,FALSE,1858,0,1,0,0,0,0,0,1,0,0,0,0,0
Acquired,FALSE,1903,0,0,1,0,0,0,0,0,1,0,0,0,0
Acquiring,TRUE,1636,0,0,1,0,0,1,0,0,0,0,0,0,0
Activated,FALSE,2069,0,0,1,0,0,0,0,0,1,0,0,0,0
Activating,TRUE,1146,0,0,0,1,0,0,1,0,0,0,0,0,0
Adapting,TRUE,3195,0,0,1,0,0,0,0,0,0,1,0,0,0
Addressed,FALSE,401,0,0,0,1,0,0,1,0,0,0,0,0,0
Adjusting,TRUE,986,0,0,1,0,0,0,0,0,0,1,0,0,0
Adjusting,TRUE,1593,0,0,1,1,0,0,0,0,0,0,0,0,0
Adjusting,TRUE,2248,0,0,1,1,0,0,0,0,0,0,0,0,0
Alerted,FALSE,581,1,0,0,0,0,0,1,0,0,0,0,0,0
Alerted,FALSE,1120,0,0,0,0,0,1,1,0,0,0,0,0,0
Alerted,FALSE,2738,0,0,1,1,0,0,0,0,0,0,0,0,0
Alerted,FALSE,2877,0,0,0,0,0,0,1,0,0,0,1,0,0
Alerting,TRUE,2738,0,0,1,0,0,0,0,1,0,0,0,0,0
Alienated,FALSE,383,0,0,1,1,0,0,0,0,0,0,0,0,0
Alienated,FALSE,1578,0,0,1,0,1,0,0,0,0,0,0,0,0
Alienating,TRUE,1578,0,0,1,0,0,0,0,0,1,0,0,0,0
Altered,FALSE,301,0,1,0,0,0,0,0,0,1,0,0,0,0
Altered,FALSE,824,0,0,1,0,0,0,0,0,0,0,0,1,0
Altered,FALSE,939,0,0,1,0,0,0,0,0,0,0,0,1,0
Altered,FALSE,986,0,0,1,0,0,0,0,0,1,0,0,0,0
Altering,TRUE,509,0,1,0,1,0,0,0,0,0,0,0,0,0
Amazed,FALSE,3268,0,1,0,0,1,0,0,0,0,0,0,0,0
Analysed,FALSE,307,0,1,0,0,1,0,0,0,0,0,0,0,0
Analysed,FALSE,441,0,0,1,0,1,0,0,0,0,0,0,0,0
Analysed,FALSE,716,0,0,1,0,0,1,0,0,0,0,0,0,0
Analysed,FALSE,746,0,0,0,0,1,0,1,0,0,0,0,0,0
Analysed,FALSE,1072,0,0,1,1,0,0,0,0,0,0,0,0,0
Analysed,FALSE,1157,0,0,1,1,0,0,0,0,0,0,0,0,0
Analysed,FALSE,1215,0,0,1,1,0,0,0,0,0,0,0,0,0
Analysed,FALSE,1217,0,0,1,0,0,0,0,0,1,0,0,0,0
Analysed,FALSE,1967,0,0,1,0,0,0,0,0,1,0,0,0,0
Analysed,FALSE,1974,0,0,1,0,0,0,0,0,1,0,0,0,0
Analysed,FALSE,2246,0,0,1,0,1,0,0,0,0,0,0,0,0
Analysed,FALSE,2251,0,0,1,0,0,0,0,0,1,0,0,0,0
Analysed,FALSE,2402,0,1,0,0,0,0,0,1,0,0,0,0,0
Analysed,FALSE,2465,0,1,0,0,0,0,0,0,0,0,0,1,0
Analysed,FALSE,2523,0,1,0,0,1,0,0,0,0,0,0,0,0
Analysed,FALSE,2537,0,0,1,0,0,0,0,0,1,0,0,0,0
Analysed,FALSE,2567,0,0,1,1,0,0,0,0,0,0,0,0,0
Analysed,FALSE,2593,0,1,0,0,1,0,0,0,0,0,0,0,0
Analysed,FALSE,2832,0,0,1,0,0,0,0,0,0,1,0,0,0
Analysed,FALSE,2936,0,0,1,1,0,0,0,0,0,0,0,0,0
Analysed,FALSE,2938,0,0,1,0,0,0,0,0,1,0,0,0,0
Analysed,FALSE,3044,0,0,1,0,1,0,0,0,0,0,0,0,0
Analysed,FALSE,3080,0,0,1,0,1,0,0,0,0,0,0,0,0
Analysed,FALSE,3244,0,0,0,0,1,0,1,0,0,0,0,0,0
Analysing,TRUE,328,0,0,0,1,0,0,1,0,0,0,0,0,0
Analysing,TRUE,716,0,0,1,0,0,0,0,0,0,1,0,0,0
Analysing,TRUE,2204,0,1,0,0,0,1,0,0,0,0,0,0,0
Anonymised,FALSE,573,0,0,1,1,0,0,0,0,0,0,0,0,0
Anonymised,FALSE,1052,0,0,1,1,0,0,0,0,0,0,0,0,0
Anonymised,FALSE,1903,0,0,1,0,0,0,0,0,1,0,0,0,0
Anthropomorphising,TRUE,1917,0,0,1,0,0,0,0,0,1,0,0,0,0
Appearing,TRUE,441,0,0,1,0,1,0,0,0,0,0,0,0,0
Appearing,TRUE,2286,0,1,0,0,0,0,0,0,0,0,0,1,0
Approaching,TRUE,2565,0,0,1,1,0,0,0,0,0,0,0,0,0
Approaching,TRUE,2936,0,0,1,1,0,0,0,0,0,0,0,0,0
Appropriating,TRUE,429,0,0,1,0,0,0,0,0,0,1,0,0,0
Appropriating,TRUE,526,0,0,1,0,0,0,0,0,0,1,0,0,0
Appropriating,TRUE,2244,0,0,1,0,0,0,0,0,0,1,0,0,0
Appropriating,TRUE,3162,0,0,1,0,0,0,0,0,0,1,0,0,0
Archiving,TRUE,3044,0,0,1,1,0,0,0,0,0,0,0,0,0
Aroused,FALSE,1774,0,1,0,0,1,0,0,0,0,0,0,0,0
Arresting,TRUE,3005,0,0,0,0,0,0,1,0,0,0,1,0,0
Arriving,TRUE,1639,0,1,0,0,0,0,0,0,0,0,1,0,0
Asked,FALSE,2989,0,0,1,0,1,0,0,0,0,0,0,0,0
Asking,TRUE,539,0,1,0,0,0,1,0,0,0,0,0,0,0
Assembling,TRUE,531,0,0,1,0,0,0,0,0,0,1,0,0,0
Assembling,TRUE,1595,0,0,1,0,0,0,0,0,0,1,0,0,0
Assembling,TRUE,2242,0,0,1,1,0,0,0,0,0,0,0,0,0
Assembling,TRUE,2243,0,0,1,0,0,0,0,0,0,1,0,0,0
Assesed,FALSE,398,0,0,0,0,1,0,1,0,0,0,0,0,0
Assesed,FALSE,707,0,0,0,1,0,0,1,0,0,0,0,0,0
Assessing,TRUE,1692,0,0,0,0,0,0,1,0,0,0,0,0,1
Assisting,TRUE,1650,0,0,1,0,0,0,0,1,0,0,0,0,0
Attacked,FALSE,968,1,1,0,0,0,0,0,0,0,0,0,0,0
Attacked,FALSE,1010,0,0,0,1,0,0,1,0,0,0,0,0,0
Attacking,TRUE,1010,0,0,0,1,0,0,1,0,0,0,0,0,0
Attacking,TRUE,1164,0,1,0,0,1,0,0,0,0,0,0,0,0
Attacking,TRUE,2105,0,1,0,0,0,0,0,0,0,0,0,0,1
Automated,FALSE,252,0,0,1,0,0,0,0,1,0,0,0,0,0
Automated,FALSE,2247,0,0,1,0,0,0,0,0,1,0,0,0,0
Automating,TRUE,252,0,0,1,0,0,0,0,0,0,1,0,0,0
Automating,TRUE,291,0,0,1,0,0,1,0,0,0,0,0,0,0
Automating,TRUE,428,0,0,1,0,0,0,0,0,0,1,0,0,0
Automating,TRUE,1081,0,0,1,0,0,0,0,0,0,1,0,0,0
Automating,TRUE,1137,0,0,1,0,0,0,0,0,0,0,0,0,1
Avoided,FALSE,3003,0,0,0,0,0,0,1,0,0,0,1,0,0
Avoiding,TRUE,379,0,0,1,1,0,0,0,0,0,0,0,0,0
Avoiding,TRUE,1548,0,0,1,1,0,0,0,0,0,0,0,0,0
Avoiding,TRUE,1549,0,0,1,1,0,0,0,0,0,0,0,0,0
Avoiding,TRUE,1550,0,0,1,1,0,0,0,0,0,0,0,0,0
Avoiding,TRUE,1551,0,0,1,1,0,0,0,0,0,0,0,0,0
Avoiding,TRUE,1553,0,0,1,1,0,0,0,0,0,0,0,0,0
Avoiding,TRUE,1554,0,0,1,1,0,0,0,0,0,0,0,0,0
Avoiding,TRUE,1564,0,0,1,1,0,0,0,0,0,0,0,0,0
Avoiding,TRUE,2566,0,0,1,1,0,0,0,0,0,0,0,0,0
Avoiding,TRUE,3148,0,0,1,1,0,0,0,0,0,0,0,0,0
Avoiding,TRUE,3228,0,0,2,0,1,0,0,0,0,1,0,0,0
Aware,FALSE,379,0,0,1,1,0,0,0,0,0,0,0,0,0
Bartering,TRUE,3041,0,0,1,1,0,0,0,0,0,0,0,0,0
Blinded,FALSE,3234,0,0,0,0,0,1,1,0,0,0,0,0,0
Blinking,TRUE,1659,0,0,1,1,0,0,0,0,0,0,0,0,0
Blinking,TRUE,3006,0,0,0,1,0,0,1,0,0,0,0,0,0
Blinking,TRUE,3035,0,0,0,1,0,0,1,0,0,0,0,0,0
Blocking,TRUE,573,0,0,1,0,0,0,0,1,0,0,0,0,0
Blocking,TRUE,654,0,1,0,0,0,0,0,1,0,0,0,0,0
Breaking,TRUE,1974,0,0,1,0,0,0,0,0,0,1,0,0,0
Broadcasting,TRUE,323,0,0,1,0,0,0,0,0,0,1,0,0,0
Broadcasting,TRUE,525,0,0,1,0,0,0,0,0,0,1,0,0,0
Building,TRUE,1787,0,0,1,1,0,0,0,0,0,0,0,0,0
Burdening,TRUE,1563,0,0,1,0,0,0,0,1,0,0,0,0,0
Calibrated,FALSE,3035,0,0,0,1,0,0,1,0,0,0,0,0,0
Camouflaging,TRUE,311,0,0,1,0,0,0,0,1,0,0,0,0,0
Camouflaging,TRUE,379,0,0,1,0,0,0,0,1,0,0,0,0,0
Camouflaging,TRUE,1548,0,0,1,0,0,0,0,1,0,0,0,0,0
Camouflaging,TRUE,1549,0,0,1,0,0,0,0,1,0,0,0,0,0
Camouflaging,TRUE,1553,0,0,1,0,0,0,0,1,0,0,0,0,0
Camouflaging,TRUE,1554,0,0,1,0,0,0,0,1,0,0,0,0,0
Camouflaging,TRUE,1564,0,0,1,0,0,0,0,1,0,0,0,0,0
Camouflaging,TRUE,1585,0,0,1,0,1,0,0,0,0,0,0,0,0
Camouflaging,TRUE,2247,0,0,1,0,0,1,0,0,0,0,0,0,0
Captivating,TRUE,2069,0,0,1,0,0,0,0,0,1,0,0,0,0
Captured,FALSE,383,0,0,1,1,0,0,0,0,0,0,0,0,0
Captured,FALSE,388,0,1,0,0,1,0,0,0,0,0,0,0,0
Captured,FALSE,441,0,0,1,0,1,0,0,0,0,0,0,0,0
Captured,FALSE,1078,0,0,1,1,0,0,0,0,0,0,0,0,0
Captured,FALSE,1152,0,0,1,0,0,0,0,0,0,0,0,1,0
Captured,FALSE,1155,0,0,1,0,0,0,0,0,0,0,0,1,0
Captured,FALSE,1215,0,0,1,1,0,0,0,0,0,0,0,0,0
Captured,FALSE,1616,0,0,1,1,0,0,0,0,0,0,0,0,0
Captured,FALSE,1653,0,0,1,0,0,0,0,0,1,0,0,0,0
Captured,FALSE,1654,0,0,1,0,0,0,0,0,1,0,0,0,0
Captured,FALSE,1659,0,0,1,0,0,0,0,0,1,0,0,0,0
Captured,FALSE,1921,0,0,2,1,0,0,0,0,1,0,0,0,0
Captured,FALSE,2244,0,0,1,0,1,0,0,0,0,0,0,0,0
Captured,FALSE,3015,0,0,1,1,0,0,0,0,0,0,0,0,0
Captured,FALSE,3068,0,0,1,1,0,0,0,0,0,0,0,0,0
Capturing,TRUE,276,0,0,0,1,0,0,1,0,0,0,0,0,0
Capturing,TRUE,401,0,0,0,1,0,0,1,0,0,0,0,0,0
Capturing,TRUE,2531,1,1,0,0,0,0,0,0,0,0,0,0,0
Caring,TRUE,513,0,0,0,1,0,0,1,0,0,0,0,0,0
Catching,TRUE,688,0,1,0,0,0,0,0,0,0,0,1,0,0
Categorised,FALSE,441,0,0,1,0,1,0,0,0,0,0,0,0,0
Categorised,FALSE,1180,0,0,1,0,0,0,0,0,1,0,0,0,0
Categorised,FALSE,1614,0,0,1,0,0,0,0,0,1,0,0,0,0
Categorising,TRUE,526,0,0,1,0,0,0,0,0,0,1,0,0,0
Categorising,TRUE,527,0,0,1,0,0,0,0,0,0,1,0,0,0
Categorising,TRUE,530,0,0,1,0,0,0,0,0,0,1,0,0,0
Categorising,TRUE,1593,0,0,1,0,0,0,0,0,0,1,0,0,0
Categorising,TRUE,1614,0,0,1,0,0,0,0,0,0,1,0,0,0
Categorising,TRUE,1653,0,0,1,0,0,0,0,0,0,1,0,0,0
Categorising,TRUE,1763,0,0,1,0,0,0,0,0,0,1,0,0,0
Categorising,TRUE,2246,0,0,1,0,0,1,0,0,0,0,0,0,0
Categorising,TRUE,3052,0,0,1,0,0,0,0,0,0,1,0,0,0
Categorising,TRUE,3092,0,0,1,0,0,0,0,0,0,1,0,0,0
Categorizing,TRUE,1075,0,0,1,0,0,0,0,0,0,1,0,0,0
Categorizing,TRUE,2537,0,0,1,0,0,0,0,0,0,1,0,0,0
Celebrating,TRUE,2041,0,0,1,1,0,0,0,0,0,0,0,0,0
Challenged,FALSE,2989,0,0,1,0,1,0,0,0,0,0,0,0,0
Challenging,TRUE,2989,0,0,1,0,0,0,0,0,0,1,0,0,0
Changing,TRUE,1217,0,0,1,0,0,0,0,0,1,0,0,0,0
Changing,TRUE,3199,0,0,1,0,0,0,0,0,1,0,0,0,0
Checking,TRUE,3052,0,0,1,0,0,0,0,0,0,1,0,0,0
Choosing,TRUE,527,0,0,1,1,0,0,0,0,0,0,0,0,0
Choosing,TRUE,529,0,0,1,1,0,0,0,0,0,0,0,0,0
Choosing,TRUE,727,0,0,1,0,0,0,0,0,0,1,0,0,0
Choosing,TRUE,1075,0,0,1,0,0,0,0,0,0,1,0,0,0
Choosing,TRUE,1212,0,0,1,0,0,0,0,0,0,1,0,0,0
Choosing,TRUE,1229,0,0,1,0,0,0,0,0,0,1,0,0,0
Choosing,TRUE,1518,0,0,1,0,0,0,0,0,0,1,0,0,0
Choosing,TRUE,1547,0,0,1,0,0,0,0,0,0,1,0,0,0
Choosing,TRUE,1565,0,0,1,0,0,0,0,0,0,1,0,0,0
Choosing,TRUE,1578,0,0,1,0,0,0,0,0,0,1,0,0,0
Choosing,TRUE,1579,0,0,1,0,0,0,0,0,0,1,0,0,0
Choosing,TRUE,1593,0,0,1,0,0,0,0,0,0,1,0,0,0
Choosing,TRUE,1594,0,0,2,1,0,0,0,0,0,1,0,0,0
Choosing,TRUE,1595,0,0,1,0,0,0,0,0,0,1,0,0,0
Choosing,TRUE,1616,0,0,1,0,0,0,0,0,0,1,0,0,0
Choosing,TRUE,1640,0,0,1,0,0,0,0,0,0,1,0,0,0
Choosing,TRUE,2251,0,0,1,1,0,0,0,0,0,0,0,0,0
Choosing,TRUE,2833,0,0,1,0,0,0,0,0,0,1,0,0,0
Choosing,TRUE,2938,0,0,1,0,0,0,0,0,0,1,0,0,0
Choosing,TRUE,3040,0,0,1,1,0,0,0,0,0,0,0,0,0
Choosing,TRUE,3092,0,0,1,0,0,0,0,0,0,1,0,0,0
Choosing,TRUE,3183,0,0,1,0,0,0,0,0,0,1,0,0,0
Choosing,TRUE,3211,0,0,1,0,0,0,0,0,0,1,0,0,0
Circulating,TRUE,1653,0,0,1,0,0,0,0,0,1,0,0,0,0
Classified,FALSE,441,0,0,1,0,1,0,0,0,0,0,0,0,0
Classified,FALSE,458,0,1,0,0,1,0,0,0,0,0,0,0,0
Classified,FALSE,526,0,0,1,0,0,0,0,0,1,0,0,0,0
Classified,FALSE,527,0,0,1,1,0,0,0,0,0,0,0,0,0
Classified,FALSE,528,0,0,1,0,0,0,0,0,1,0,0,0,0
Classified,FALSE,530,0,0,1,0,0,0,0,1,0,0,0,0,0
Classified,FALSE,638,0,1,0,0,1,0,0,0,0,0,0,0,0
Classified,FALSE,707,0,0,0,1,0,0,1,0,0,0,0,0,0
Classified,FALSE,746,0,0,0,0,1,0,1,0,0,0,0,0,0
Classified,FALSE,1072,0,0,1,1,0,0,0,0,0,0,0,0,0
Classified,FALSE,1081,0,0,1,0,0,0,0,0,1,0,0,0,0
Classified,FALSE,1157,0,0,1,1,0,0,0,0,0,0,0,0,0
Classified,FALSE,1180,0,0,1,0,0,0,0,0,1,0,0,0,0
Classified,FALSE,1547,0,0,1,0,1,0,0,0,0,0,0,0,0
Classified,FALSE,1550,0,0,1,1,0,0,0,0,0,0,0,0,0
Classified,FALSE,1563,0,0,1,1,0,0,0,0,0,0,0,0,0
Classified,FALSE,1594,0,0,1,0,0,0,0,1,0,0,0,0,0
Classified,FALSE,1595,0,0,1,0,0,0,0,0,1,0,0,0,0
Classified,FALSE,1614,0,0,1,0,0,0,0,0,1,0,0,0,0
Classified,FALSE,1616,0,0,1,1,0,0,0,0,0,0,0,0,0
Classified,FALSE,1652,0,0,1,1,0,0,0,0,0,0,0,0,0
Classified,FALSE,1653,0,0,1,1,0,0,0,0,0,0,0,0,0
Classified,FALSE,1673,0,0,1,1,0,0,0,0,0,0,0,0,0
Classified,FALSE,1688,0,0,0,1,0,0,1,0,0,0,0,0,0
Classified,FALSE,1763,0,0,1,0,1,0,0,0,0,0,0,0,0
Classified,FALSE,1948,0,0,1,0,0,0,0,1,0,0,0,0,0
Classified,FALSE,1967,0,0,1,0,0,0,0,0,1,0,0,0,0
Classified,FALSE,2186,0,1,0,0,1,0,0,0,0,0,0,0,0
Classified,FALSE,2246,0,0,2,0,1,0,0,0,1,0,0,0,0
Classified,FALSE,2251,0,0,1,0,0,0,0,0,1,0,0,0,0
Classified,FALSE,2535,0,0,1,0,0,0,0,0,1,0,0,0,0
Classified,FALSE,2537,0,0,1,0,0,0,0,0,1,0,0,0,0
Classified,FALSE,2551,0,0,1,0,0,0,0,0,1,0,0,0,0
Classified,FALSE,2553,0,0,1,0,0,0,0,0,1,0,0,0,0
Classified,FALSE,2569,0,0,1,0,0,0,0,0,1,0,0,0,0
Classified,FALSE,2593,0,1,0,0,1,0,0,0,0,0,0,0,0
Classified,FALSE,2741,0,0,1,0,0,0,0,0,1,0,0,0,0
Classified,FALSE,2832,0,0,1,0,0,0,0,0,0,1,0,0,0
Classified,FALSE,2833,0,0,1,0,0,0,0,1,0,0,0,0,0
Classified,FALSE,2936,0,0,1,1,0,0,0,0,0,0,0,0,0
Classified,FALSE,2938,0,0,1,0,0,0,0,0,1,0,0,0,0
Classified,FALSE,2966,0,1,0,0,1,0,0,0,0,0,0,0,0
Classified,FALSE,3013,0,0,1,1,0,0,0,0,0,0,0,0,0
Classified,FALSE,3015,0,0,1,1,0,0,0,0,0,0,0,0,0
Classified,FALSE,3052,0,0,1,0,1,0,0,0,0,0,0,0,0
Classified,FALSE,3080,0,0,1,0,1,0,0,0,0,0,0,0,0
Classified,FALSE,3083,0,1,0,0,1,0,0,0,0,0,0,0,0
Classified,FALSE,3089,0,1,0,0,1,0,0,0,0,0,0,0,0
Classified,FALSE,3092,0,0,1,0,0,0,0,0,1,0,0,0,0
Classified,FALSE,3102,0,0,0,0,0,0,1,1,0,0,0,0,0
Classified,FALSE,3122,0,1,0,0,1,0,0,0,0,0,0,0,0
Classified,FALSE,3211,0,0,1,1,0,0,0,0,0,0,0,0,0
Classified,FALSE,3244,0,0,0,0,1,0,1,0,0,0,0,0,0
Classified,FALSE,3267,0,1,0,0,1,0,0,0,0,0,0,0,0
Classifying,TRUE,527,0,0,1,1,0,0,0,0,0,0,0,0,0
Classifying,TRUE,528,0,0,1,0,0,0,0,0,0,1,0,0,0
Classifying,TRUE,681,0,0,0,1,0,0,1,0,0,0,0,0,0
Classifying,TRUE,1138,0,0,1,1,0,0,0,0,0,0,0,0,0
Classifying,TRUE,1653,0,0,1,0,0,0,0,0,0,1,0,0,0
Classifying,TRUE,3052,0,0,1,0,0,0,0,0,0,1,0,0,0
Classifying,TRUE,3083,0,1,0,0,0,0,0,0,0,0,0,0,1
Classifying,TRUE,3092,0,0,1,0,1,0,0,0,0,0,0,0,0
Cleaning (data),TRUE,1157,0,0,1,0,0,0,0,0,0,1,0,0,0
Cleaning (data),TRUE,1579,0,0,1,0,0,0,0,0,0,1,0,0,0
Collaborating,TRUE,424,0,0,1,0,0,0,0,0,0,1,0,0,0
Collaborating,TRUE,725,0,0,1,0,0,0,0,0,0,1,0,0,0
Collaborating,TRUE,2248,0,0,1,1,0,0,0,0,0,0,0,0,0
Collected,FALSE,441,0,0,1,0,1,0,0,0,0,0,0,0,0
Collected,FALSE,1614,0,0,1,0,0,0,0,0,1,0,0,0,0
Collected,FALSE,3052,0,0,1,0,0,0,0,0,1,0,0,0,0
Collecting,TRUE,291,0,0,1,0,0,0,0,0,0,1,0,0,0
Collecting,TRUE,318,0,0,1,0,0,0,0,0,0,1,0,0,0
Collecting,TRUE,725,0,0,1,0,0,0,0,0,0,1,0,0,0
Collecting,TRUE,994,0,0,1,0,0,0,0,0,0,1,0,0,0
Collecting,TRUE,1075,0,0,1,0,0,0,0,0,0,1,0,0,0
Collecting,TRUE,1138,0,0,1,1,0,0,0,0,0,0,0,0,0
Collecting,TRUE,1153,0,0,1,0,0,0,0,0,0,1,0,0,0
Collecting,TRUE,1518,0,0,1,0,0,0,0,0,0,1,0,0,0
Collecting,TRUE,1519,0,0,1,0,0,0,0,0,0,1,0,0,0
Collecting,TRUE,1565,0,0,1,0,0,0,0,0,0,1,0,0,0
Collecting,TRUE,1579,0,0,1,0,0,0,0,0,0,1,0,0,0
Collecting,TRUE,1614,0,0,1,0,0,0,0,0,0,1,0,0,0
Collecting,TRUE,1640,0,0,1,0,0,0,0,0,0,1,0,0,0
Collecting,TRUE,1763,0,0,1,0,0,0,0,0,0,1,0,0,0
Collecting,TRUE,2244,0,0,1,0,0,0,0,0,0,1,0,0,0
Collecting,TRUE,2535,0,0,1,0,0,0,0,0,0,1,0,0,0
Collecting,TRUE,2553,0,0,1,0,0,0,0,0,0,1,0,0,0
Collecting,TRUE,2570,0,0,1,0,0,0,0,0,0,1,0,0,0
Collecting,TRUE,2741,0,0,1,0,0,0,0,0,0,1,0,0,0
Collecting,TRUE,2833,0,0,1,0,0,0,0,0,0,1,0,0,0
Collecting,TRUE,3052,0,0,1,0,0,0,0,0,0,1,0,0,0
Collecting,TRUE,3092,0,0,1,0,0,0,0,0,0,1,0,0,0
Collecting,TRUE,3186,0,0,1,0,0,0,0,0,0,1,0,0,0
Collecting,TRUE,3199,0,0,1,0,0,0,0,0,0,1,0,0,0
Collecting,TRUE,3211,0,0,1,0,0,0,0,0,0,1,0,0,0
Coloring,TRUE,429,0,0,1,0,0,0,0,0,0,1,0,0,0
Combining,TRUE,1229,0,0,1,0,0,0,0,0,0,1,0,0,0
Comforting,TRUE,2211,0,1,0,0,1,0,0,0,0,0,0,0,0
Commanding,TRUE,1186,0,0,0,1,0,0,1,0,0,0,0,0,0
Commenting,TRUE,244,0,0,1,0,1,0,0,0,0,0,0,0,0
Commenting,TRUE,3044,0,0,1,1,0,0,0,0,0,0,0,0,0
Communicating,TRUE,1129,0,0,0,0,0,1,1,0,0,0,0,0,0
Communicating,TRUE,1628,0,0,1,1,0,0,0,0,0,0,0,0,0
Communicating,TRUE,1789,0,0,1,0,0,0,0,0,0,1,0,0,0
Communicating,TRUE,2288,1,1,0,0,0,0,0,0,0,0,0,0,0
Compared,FALSE,298,0,0,0,1,0,0,1,0,0,0,0,0,0
Compared,FALSE,527,0,0,1,1,0,0,0,0,0,0,0,0,0
Compared,FALSE,2936,0,0,1,1,0,0,0,0,0,0,0,0,0
Compared,FALSE,2938,0,0,1,0,0,0,0,0,1,0,0,0,0
Compared,FALSE,3013,0,0,1,1,0,0,0,0,0,0,0,0,0
Comparing,TRUE,258,0,0,1,1,0,0,0,0,0,0,0,0,0
Comparing,TRUE,670,0,0,0,1,0,0,1,0,0,0,0,0,0
Comparing,TRUE,2938,0,0,1,0,1,0,0,0,0,0,0,0,0
Comparing,TRUE,3057,0,0,1,0,1,0,0,0,0,0,0,0,0
Compensating,TRUE,2983,0,0,1,0,0,0,0,0,0,1,0,0,0
Complying,TRUE,3221,0,1,0,0,1,0,0,0,0,0,0,0,0
Concealing,TRUE,311,0,0,1,0,0,0,0,1,0,0,0,0,0
Concealing,TRUE,1554,0,0,1,0,0,0,0,1,0,0,0,0,0
Concealing,TRUE,1563,0,0,1,0,0,0,0,1,0,0,0,0,0
Concealing,TRUE,1564,0,0,1,0,0,0,0,1,0,0,0,0,0
Conceptualizing,TRUE,1547,0,0,1,0,0,0,0,0,0,1,0,0,0
Conceptualizing,TRUE,1640,0,0,1,0,0,0,0,0,0,1,0,0,0
Conceptualizing,TRUE,1652,0,0,1,0,0,0,0,0,0,1,0,0,0
Conceptualizing,TRUE,2248,0,0,1,0,0,0,0,0,0,1,0,0,0
Conceptualizing,TRUE,2537,0,0,1,0,0,0,0,0,0,1,0,0,0
Confronted,FALSE,1215,0,0,1,1,0,0,0,0,0,0,0,0,0
Connecting,TRUE,2383,0,1,0,0,1,0,0,0,0,0,0,0,0
consenting,TRUE,3092,0,0,1,0,1,0,0,0,0,0,0,0,0
Conserved,FALSE,1897,0,1,0,0,0,0,0,0,0,0,0,1,0
Conserving,TRUE,1897,1,2,0,0,0,1,0,0,0,0,0,0,0
Controlled,FALSE,1157,0,0,1,1,0,0,0,0,0,0,0,0,0
Controlled,FALSE,1657,0,0,1,0,0,0,0,0,1,0,0,0,0
Controlled,FALSE,1936,0,1,0,0,1,0,0,0,0,0,0,0,0
Controlled,FALSE,3006,0,0,0,0,0,0,1,1,0,0,0,0,0
Controlled,FALSE,3083,0,1,0,1,0,0,0,0,0,0,0,0,0
Controlling,TRUE,243,1,1,0,0,0,0,0,0,0,0,0,0,0
Controlling,TRUE,244,1,0,1,0,0,0,0,0,0,0,0,0,0
Controlling,TRUE,315,0,1,0,0,0,0,0,0,0,1,0,0,0
Controlling,TRUE,537,0,1,0,0,0,1,0,0,0,0,0,0,0
Controlling,TRUE,654,0,1,0,0,0,0,0,0,0,0,1,0,0
Controlling,TRUE,716,0,0,1,0,0,0,0,0,0,1,0,0,0
Controlling,TRUE,1021,1,1,0,0,0,0,0,0,0,0,0,0,0
Controlling,TRUE,1120,0,0,0,0,0,1,1,0,0,0,0,0,0
Controlling,TRUE,1173,1,0,0,0,0,0,1,0,0,0,0,0,0
Controlling,TRUE,1186,0,0,0,1,0,0,1,0,0,0,0,0,0
Controlling,TRUE,1636,0,0,1,0,0,1,0,0,0,0,0,0,0
Controlling,TRUE,1688,0,0,0,1,0,0,1,0,0,0,0,0,0
Controlling,TRUE,1779,0,0,1,0,0,0,0,0,0,0,1,0,0
Controlling,TRUE,2105,0,1,0,0,0,0,0,0,0,0,0,0,1
Controlling,TRUE,2230,0,1,0,0,0,1,0,0,0,0,0,0,0
Controlling,TRUE,2246,0,0,1,0,0,1,0,0,0,0,0,0,0
Controlling,TRUE,2248,0,0,1,1,0,0,0,0,0,0,0,0,0
Controlling,TRUE,2383,0,1,0,0,1,0,0,0,0,0,0,0,0
Controlling,TRUE,2709,1,1,0,0,0,0,0,0,0,0,0,0,0
Controlling,TRUE,2949,0,1,0,0,0,1,0,0,0,0,0,0,0
Controlling,TRUE,2979,0,0,0,1,0,0,1,0,0,0,0,0,0
Controlling,TRUE,3006,0,0,0,1,0,0,1,0,0,0,0,0,0
Controlling,TRUE,3038,0,0,1,1,0,0,0,0,0,0,0,0,0
Controlling,TRUE,3044,0,0,1,1,0,0,0,0,0,0,0,0,0
Conversating,TRUE,3244,0,0,0,0,1,0,1,0,0,0,0,0,0
Convincing,TRUE,539,0,1,0,0,0,1,0,0,0,0,0,0,0
Coordinating,TRUE,1137,0,0,1,0,0,0,0,0,0,0,0,0,1
Copied,FALSE,289,0,1,0,0,0,0,0,1,0,0,0,0,0
Countersurveilling,TRUE,654,0,1,0,0,1,0,0,0,0,0,0,0,0
Covering,TRUE,429,0,0,1,0,0,0,0,0,0,1,0,0,0
Covering,TRUE,2566,0,0,1,0,0,0,0,1,0,0,0,0,0
Created,FALSE,3041,0,0,1,0,0,0,0,0,1,0,0,0,0
Created,FALSE,3183,0,0,1,0,0,0,0,0,1,0,0,0,0
Creating,TRUE,657,0,1,0,0,1,0,0,0,0,0,0,0,0
Creating,TRUE,1229,0,0,1,0,0,0,0,0,0,1,0,0,0
Creating,TRUE,3041,0,0,1,1,0,0,0,0,0,0,0,0,0
Creating,TRUE,3195,0,0,1,0,0,0,0,0,0,1,0,0,0
Criticising,TRUE,2954,0,1,0,0,1,0,0,0,0,0,0,0,0
Critiquing,TRUE,1212,0,0,1,0,0,0,0,0,0,1,0,0,0
Critiquing,TRUE,1217,0,0,1,0,0,0,0,0,0,1,0,0,0
Critiquing,TRUE,1586,0,0,1,0,0,0,0,0,0,1,0,0,0
Critiquing,TRUE,1636,0,0,1,0,0,0,0,0,0,1,0,0,0
Crowdsourcing,TRUE,2570,0,0,1,0,0,0,0,0,0,1,0,0,0
Curated,FALSE,3092,0,0,1,0,0,0,0,0,1,0,0,0,0
Curated,FALSE,3183,0,0,1,0,0,0,0,0,1,0,0,0,0
Curating,TRUE,291,0,0,1,0,0,0,0,0,0,1,0,0,0
Curating,TRUE,295,0,0,1,0,0,0,0,0,0,1,0,0,0
Curating,TRUE,303,0,0,1,0,0,0,0,0,0,1,0,0,0
Curating,TRUE,725,0,0,1,0,0,0,0,0,0,1,0,0,0
Curating,TRUE,994,0,0,1,0,0,0,0,0,0,1,0,0,0
Curating,TRUE,1093,0,1,0,0,0,0,0,0,0,1,0,0,0
Curating,TRUE,1138,0,0,1,0,0,0,0,0,0,1,0,0,0
Curating,TRUE,1153,0,0,1,0,0,0,0,0,0,1,0,0,0
Curating,TRUE,1614,0,0,1,0,0,0,0,0,0,1,0,0,0
Curating,TRUE,1660,0,0,1,0,0,0,0,0,0,1,0,0,0
Curating,TRUE,2243,0,0,1,0,0,0,0,0,0,1,0,0,0
Curating,TRUE,2244,0,0,1,0,0,0,0,0,0,1,0,0,0
Curating,TRUE,2551,0,0,1,0,0,0,0,0,0,1,0,0,0
Curating,TRUE,2938,0,0,1,0,0,0,0,0,0,1,0,0,0
Curating,TRUE,3092,0,0,1,0,0,0,0,0,0,1,0,0,0
Curating,TRUE,3183,0,0,1,0,0,0,0,0,0,1,0,0,0
Cut,FALSE,1921,0,0,1,0,0,0,0,0,1,0,0,0,0
Dancing,TRUE,298,0,0,0,1,0,0,1,0,0,0,0,0,0
Dancing,TRUE,2821,0,0,1,1,0,0,0,0,0,0,0,0,0
Decaying,TRUE,1152,0,0,1,0,0,0,0,0,0,0,0,1,0
Deceiving,TRUE,761,0,1,0,0,1,0,0,0,0,0,0,0,0
Deciding,TRUE,923,0,1,0,0,0,1,0,0,0,0,0,0,0
Deciding,TRUE,924,0,1,0,0,0,1,0,0,0,0,0,0,0
Deciding,TRUE,1008,0,0,0,1,0,0,1,0,0,0,0,0,0
Deciding,TRUE,1229,0,0,1,0,0,0,0,0,0,1,0,0,0
Deciding,TRUE,1565,0,0,1,0,0,0,0,0,0,1,0,0,0
Decolonizing,TRUE,3203,0,0,1,0,0,0,0,0,0,1,0,0,0
Decorating,TRUE,379,0,0,1,1,0,0,0,0,0,0,0,0,0
Decorating,TRUE,657,0,1,0,0,1,0,0,0,0,0,0,0,0
Decorating,TRUE,1768,0,0,1,0,0,0,0,0,0,1,0,0,0
Decoying,TRUE,1549,0,0,1,1,0,0,0,0,0,0,0,0,0
Deduced,FALSE,1072,0,0,1,1,0,0,0,0,0,0,0,0,0
Deleted,FALSE,2437,0,1,0,0,0,0,0,0,1,0,0,0,0
Demonstrating,TRUE,300,0,0,1,0,0,0,0,0,0,1,0,0,0
Demonstrating,TRUE,428,0,0,1,0,0,0,0,0,0,1,0,0,0
Demonstrating,TRUE,525,0,0,1,0,0,0,0,0,0,1,0,0,0
Demonstrating,TRUE,527,0,0,1,0,0,0,0,0,0,1,0,0,0
Demonstrating,TRUE,659,0,0,1,0,0,0,0,0,0,1,0,0,0
Demonstrating,TRUE,1151,0,0,1,0,0,0,0,0,0,1,0,0,0
Demonstrating,TRUE,1519,0,0,1,0,0,0,0,0,0,1,0,0,0
Demonstrating,TRUE,1547,0,0,1,0,0,0,0,0,0,1,0,0,0
Demonstrating,TRUE,1563,0,0,1,1,0,0,0,0,0,0,0,0,0
Demonstrating,TRUE,1565,0,0,1,0,0,0,0,0,0,1,0,0,0
Demonstrating,TRUE,1578,0,0,1,0,0,0,0,0,1,0,0,0,0
Demonstrating,TRUE,1595,0,0,1,0,0,0,0,0,1,0,0,0,0
Demonstrating,TRUE,1974,0,0,1,0,0,0,0,0,1,0,0,0,0
Demonstrating,TRUE,2030,0,0,1,0,0,0,0,0,0,1,0,0,0
Demonstrating,TRUE,2535,0,0,1,0,0,0,0,0,1,0,0,0,0
Demonstrating,TRUE,2551,0,0,1,0,0,0,0,0,0,1,0,0,0
Demonstrating,TRUE,2566,0,0,1,0,0,0,0,0,0,1,0,0,0
Demonstrating,TRUE,2741,0,0,1,0,0,0,0,0,0,1,0,0,0
Demonstrating,TRUE,2833,0,0,1,0,0,0,0,0,0,1,0,0,0
Demonstrating,TRUE,3176,0,0,1,0,0,0,0,0,0,1,0,0,0
Demonstrating,TRUE,3186,0,0,1,0,0,0,0,0,0,1,0,0,0
Depicting,TRUE,2938,0,0,1,0,0,0,0,0,1,0,0,0,0
Described,FALSE,1081,0,0,1,0,0,0,0,0,1,0,0,0,0
Described,FALSE,3044,0,0,1,0,1,0,0,0,0,0,0,0,0
Desiring,TRUE,2513,0,1,0,0,1,0,0,0,0,0,0,0,0
Destroyed,FALSE,1897,0,1,0,0,0,0,0,0,0,0,0,1,0
Destroyed,FALSE,1921,0,0,1,0,0,0,0,0,1,0,0,0,0
Destroying,TRUE,2105,0,1,0,0,0,0,0,0,0,0,0,0,1
Destroying,TRUE,3083,0,1,0,0,1,0,0,0,0,0,0,0,0
Detected,FALSE,1616,0,0,1,1,0,0,0,0,0,0,0,0,0
Detected,FALSE,1650,0,0,1,0,0,0,0,1,0,0,0,0,0
Detected,FALSE,1651,0,0,1,1,0,0,0,0,0,0,0,0,0
Detected,FALSE,1652,0,0,1,1,0,0,0,0,0,0,0,0,0
Detected,FALSE,1653,0,0,1,1,0,0,0,0,0,0,0,0,0
Detected,FALSE,1660,0,0,1,0,0,0,0,1,0,0,0,0,0
Detected,FALSE,1921,0,0,1,1,0,0,0,0,0,0,0,0,0
Detected,FALSE,1948,0,0,1,0,0,0,0,1,0,0,0,0,0
Detected,FALSE,2069,0,0,1,1,0,0,0,0,0,0,0,0,0
Detected,FALSE,2294,0,1,0,0,0,0,0,1,0,0,0,0,0
Detected,FALSE,3035,0,0,0,1,0,0,1,0,0,0,0,0,0
Developing,TRUE,291,0,0,1,0,0,1,0,0,0,0,0,0,0
Developing,TRUE,526,0,0,1,0,0,0,0,0,0,1,0,0,0
Developing,TRUE,527,0,0,1,0,0,0,0,0,0,1,0,0,0
Developing,TRUE,1212,0,0,1,0,0,0,0,0,0,1,0,0,0
Developing,TRUE,1217,0,0,1,0,0,0,0,0,0,1,0,0,0
Developing,TRUE,1593,0,0,1,0,0,0,0,0,0,1,0,0,0
Developing,TRUE,1595,0,0,1,0,0,0,0,0,0,1,0,0,0
Developing,TRUE,2248,0,0,1,0,0,0,0,0,0,1,0,0,0
Developing,TRUE,2251,0,0,1,0,0,0,0,0,0,1,0,0,0
Developing,TRUE,2983,0,0,1,0,0,0,0,0,0,1,0,0,0
Digitalized,FALSE,3203,0,0,1,0,0,0,0,1,0,0,0,0,0
Directing,TRUE,3221,0,1,0,0,0,1,0,0,0,0,0,0,0
Disappearing,TRUE,1585,0,0,1,0,1,0,0,0,0,0,0,0,0
Discovering,TRUE,526,0,0,1,1,0,0,0,0,0,0,0,0,0
Discovering,TRUE,1049,0,0,1,0,0,0,0,0,0,1,0,0,0
Discovering,TRUE,1467,0,0,0,1,0,0,1,0,0,0,0,0,0
Discovering,TRUE,2204,0,1,0,0,0,1,0,0,0,0,0,0,0
Discovering,TRUE,2535,0,0,1,0,0,0,0,0,0,1,0,0,0
Discriminating,TRUE,930,0,1,0,0,0,1,0,0,0,0,0,0,0
Discriminating,TRUE,3173,0,0,1,0,0,0,0,0,0,0,1,0,0
Discussing,TRUE,1099,0,1,0,0,0,1,0,0,0,0,0,0,0
Discussing,TRUE,2096,1,1,0,0,0,0,0,0,0,0,0,0,0
Disempowered,FALSE,3083,0,1,0,1,0,0,0,0,0,0,0,0,0
Disguising,TRUE,3148,0,0,1,1,0,0,0,0,0,0,0,0,0
Disliking,TRUE,1587,0,1,0,0,1,0,0,0,0,0,0,0,0
Displayed,FALSE,441,0,0,1,0,1,0,0,0,0,0,0,0,0
Displayed,FALSE,991,0,0,1,1,0,0,0,0,0,0,0,0,0
Displayed,FALSE,1659,0,0,1,0,0,0,0,0,1,0,0,0,0
Displayed,FALSE,3068,0,0,1,0,0,0,0,0,1,0,0,0,0
Displaying,TRUE,1785,0,0,1,0,0,0,0,0,0,1,0,0,0
Disseminating,TRUE,539,0,1,0,0,0,1,0,0,0,0,0,0,0
Distorted,FALSE,383,0,0,1,1,0,0,0,0,0,0,0,0,0
Distorted,FALSE,991,0,0,1,0,0,0,0,0,1,0,0,0,0
Distorted,FALSE,2533,0,0,1,0,0,0,0,0,1,0,0,0,0
Distorted,FALSE,2551,0,0,1,0,0,0,0,0,1,0,0,0,0
Distorted,FALSE,3068,0,0,1,0,0,0,0,0,1,0,0,0,0
Distorting,TRUE,379,0,0,1,0,0,0,0,1,0,0,0,0,0
Distorting,TRUE,1551,0,0,1,0,0,0,0,1,0,0,0,0,0
Documented,FALSE,252,0,0,1,0,0,0,0,0,0,0,0,1,0
Documented,FALSE,307,0,2,0,0,1,0,0,0,0,0,0,1,0
Documented,FALSE,317,0,2,0,0,1,0,0,0,0,0,1,0,0
Documented,FALSE,1030,0,0,1,0,1,0,0,0,0,0,0,0,0
Documented,FALSE,1152,0,0,1,0,0,0,0,0,0,0,0,1,0
Documenting,TRUE,291,0,0,1,0,0,0,0,0,0,1,0,0,0
Donating,TRUE,2989,0,0,1,0,1,0,0,0,0,0,0,0,0
Doubting,TRUE,3001,0,0,0,0,0,0,1,0,0,0,1,0,0
Drawing,TRUE,424,0,0,1,0,0,0,0,0,0,1,0,0,0
Editing,TRUE,1093,0,1,0,0,0,0,0,0,0,1,0,0,0
Embellishing,TRUE,657,0,1,0,0,1,0,0,0,0,0,0,0,0
Emoting,TRUE,707,0,0,0,1,0,0,1,0,0,0,0,0,0
Employing,TRUE,923,0,1,0,0,0,1,0,0,0,0,0,0,0
Employing,TRUE,924,0,1,0,0,0,1,0,0,0,0,0,0,0
Empowered,FALSE,2862,0,1,0,0,1,0,0,0,0,0,0,0,0
Enabling,TRUE,252,0,0,1,0,0,0,0,0,0,1,0,0,0
Enduring,TRUE,1563,0,0,1,1,0,0,0,0,0,0,0,0,0
Enjoying,TRUE,3268,0,1,0,0,1,0,0,0,0,0,0,0,0
Entering,TRUE,1078,0,0,1,1,0,0,0,0,0,0,0,0,0
Entertained,FALSE,603,0,1,0,0,1,0,0,0,0,0,0,0,0
Entertained,FALSE,676,0,1,0,0,1,0,0,0,0,0,0,0,0
Entertained,FALSE,2866,0,1,0,0,1,0,0,0,0,0,0,0,0
Entertained,FALSE,3190,0,0,1,1,0,0,0,0,0,0,0,0,0
Entertained,FALSE,3221,0,1,0,0,0,1,0,0,0,0,0,0,0
Entertaining,TRUE,659,0,0,1,0,0,0,0,0,0,1,0,0,0
Entertaining,TRUE,2866,0,1,0,0,1,0,0,0,0,0,0,0,0
Erasing,TRUE,3186,0,0,1,0,0,0,0,0,0,1,0,0,0
Estranged,FALSE,1913,0,0,1,1,0,0,0,0,0,0,0,0,0
Evaded,FALSE,3138,0,1,0,0,0,0,0,0,0,0,1,0,0
Evaded,FALSE,3218,1,1,0,0,0,0,0,0,0,0,0,0,0
Evading,TRUE,761,0,1,0,0,1,0,0,0,0,0,0,0,0
Evaluating,TRUE,258,0,0,1,1,0,0,0,0,0,0,0,0,0
Examining,TRUE,3228,0,0,1,0,0,0,0,0,0,1,0,0,0
Exchanged,FALSE,3041,0,0,1,0,0,0,0,0,1,0,0,0,0
Excluding,TRUE,930,0,1,0,0,0,1,0,0,0,0,0,0,0
Exhausting,TRUE,2569,0,0,1,0,0,0,0,0,0,1,0,0,0
Experiencing,TRUE,1546,0,0,1,1,0,0,0,0,0,0,0,0,0
Experiencing,TRUE,3268,0,1,0,0,1,0,0,0,0,0,0,0,0
Experimenting,TRUE,323,0,0,1,0,0,0,0,0,0,1,0,0,0
Experimenting,TRUE,1075,0,0,1,1,0,0,0,0,0,0,0,0,0
Experimenting,TRUE,1578,0,0,1,0,0,0,0,0,0,1,0,0,0
Experimenting,TRUE,2030,0,0,1,0,0,0,0,0,0,1,0,0,0
Experimenting,TRUE,2551,0,0,1,0,0,0,0,0,0,1,0,0,0
Experimenting,TRUE,3186,0,0,1,0,0,0,0,0,0,1,0,0,0
Explaining,TRUE,2566,0,0,1,0,0,0,0,0,0,1,0,0,0
Exploited,FALSE,1763,0,0,1,0,1,0,0,0,0,0,0,0,0
Exploiting,TRUE,963,1,1,0,0,0,0,0,0,0,0,0,0,0
Exploring,TRUE,594,0,0,1,1,0,0,0,0,0,0,0,0,0
Exploring,TRUE,676,0,1,0,0,0,1,0,0,0,0,0,0,0
Exploring,TRUE,1049,0,0,1,0,0,0,0,0,0,1,0,0,0
Exploring,TRUE,1578,0,0,1,0,0,0,0,0,0,1,0,0,0
Exploring,TRUE,1593,0,0,1,1,0,0,0,0,0,0,0,0,0
Exploring,TRUE,1594,0,0,1,1,0,0,0,0,0,0,0,0,0
Exploring,TRUE,1974,0,0,1,0,0,0,0,0,0,1,0,0,0
Exploring,TRUE,1976,0,0,1,1,0,0,0,0,0,0,0,0,0
Exploring,TRUE,1985,0,0,1,1,0,0,0,0,0,0,0,0,0
Exploring,TRUE,1991,0,0,1,1,0,0,0,0,0,0,0,0,0
Exploring,TRUE,2248,0,0,1,1,0,0,0,0,0,0,0,0,0
Exploring,TRUE,2979,0,0,0,1,0,0,1,0,0,0,0,0,0
Exploring,TRUE,3040,0,0,1,1,0,0,0,0,0,0,0,0,0
Exploring,TRUE,3052,0,0,1,1,0,0,0,0,0,0,0,0,0
Exposed,FALSE,307,0,1,0,0,1,0,0,0,0,0,0,0,0
Exposed,FALSE,1763,0,0,1,0,1,0,0,0,0,0,0,0,0
Exposed,FALSE,2244,0,0,1,0,1,0,0,0,0,0,0,0,0
Exposed,FALSE,3015,0,0,1,1,0,0,0,0,0,0,0,0,0
Exposing,TRUE,2570,0,0,1,0,0,0,0,0,0,1,0,0,0
Exposing,TRUE,2738,0,0,1,0,0,0,0,1,0,0,0,0,0
Exposing,TRUE,2741,0,0,1,0,0,0,0,0,1,0,0,0,0
Expressing,TRUE,1614,0,0,1,0,1,0,0,0,0,0,0,0,0
Expressing,TRUE,1628,0,0,1,1,0,0,0,0,0,0,0,0,0
Expressing,TRUE,1657,0,0,1,1,0,0,0,0,0,0,0,0,0
Expressing,TRUE,1688,0,0,0,1,0,0,1,0,0,0,0,0,0
Expressing,TRUE,1762,0,0,1,1,0,0,0,0,0,0,0,0,0
Extracted,FALSE,441,0,0,1,0,1,0,0,0,0,0,0,0,0
Extracting,TRUE,2969,0,1,0,0,0,1,0,0,0,0,0,0,0
Fading,TRUE,2041,0,0,1,0,0,0,0,0,1,0,0,0,0
Failing,TRUE,725,0,0,1,0,0,0,0,0,1,0,0,0,0
Failing,TRUE,930,0,1,0,0,0,1,0,0,0,0,0,0,0
Faking,TRUE,1763,0,0,1,0,0,0,0,0,0,1,0,0,0
Fascinated,FALSE,2184,0,1,0,0,1,0,0,0,0,0,0,0,0
Fed,FALSE,424,0,0,1,0,0,0,0,0,1,0,0,0,0
Feeding,TRUE,295,0,0,1,0,0,0,0,0,0,1,0,0,0
Feeding,TRUE,424,0,0,1,0,0,0,0,0,0,1,0,0,0
Feeding,TRUE,513,0,0,0,1,0,0,1,0,0,0,0,0,0
Feeding,TRUE,725,0,0,1,0,0,0,0,0,0,1,0,0,0
Feeding,TRUE,986,0,0,1,0,0,0,0,0,0,1,0,0,0
Feeding,TRUE,994,0,0,1,0,0,0,0,0,0,1,0,0,0
Feeding,TRUE,1093,0,1,0,0,0,0,0,0,0,1,0,0,0
Feeling,TRUE,3199,0,0,1,0,1,0,0,0,0,0,0,0,0
Feeling,TRUE,3268,0,1,0,0,1,0,0,0,0,0,0,0,0
Fighting,TRUE,317,0,1,0,0,0,0,0,0,0,1,0,0,0
Fighting,TRUE,3083,0,1,0,0,1,0,0,0,0,0,0,0,0
Fighting,TRUE,3234,0,0,0,0,0,0,1,0,0,0,1,0,0
Filmed,FALSE,3173,0,0,1,0,0,0,0,0,0,0,1,0,0
Filming,TRUE,2184,0,1,0,0,1,0,0,0,0,0,0,0,0
Filming,TRUE,2821,0,0,1,1,0,0,0,0,0,0,0,0,0
Filtered,FALSE,1593,0,0,1,0,0,0,0,0,1,0,0,0,0
Filtering,TRUE,1593,0,0,1,1,0,0,0,0,0,0,0,0,0
Filtering,TRUE,3052,0,0,1,1,0,0,0,0,0,0,0,0,0
Finding,TRUE,318,0,0,1,0,0,0,0,0,0,1,0,0,0
Finding,TRUE,676,0,1,0,0,1,0,0,0,0,0,0,0,0
Fixing,TRUE,291,0,0,1,0,0,1,0,0,0,0,0,0,0
Following,TRUE,1151,0,0,1,0,0,0,0,0,0,1,0,0,0
Following,TRUE,1546,0,0,1,1,0,0,0,0,0,0,0,0,0
Following,TRUE,3228,0,0,1,0,1,0,0,0,0,0,0,0,0
Found,FALSE,1858,0,1,0,0,0,0,0,1,0,0,0,0,0
Framed,FALSE,3063,0,0,0,0,0,1,1,0,0,0,0,0,0
Frustrated,FALSE,3186,0,0,1,0,0,0,0,0,0,1,0,0,0
Generated,FALSE,528,0,0,1,0,0,0,0,0,1,0,0,0,0
Generated,FALSE,725,0,0,1,0,0,0,0,0,1,0,0,0,0
Generated,FALSE,986,0,0,1,0,0,0,0,0,1,0,0,0,0
Generated,FALSE,1078,0,0,1,0,0,0,0,0,1,0,0,0,0
Generated,FALSE,1153,0,0,1,0,0,0,0,0,1,0,0,0,0
Generated,FALSE,1547,0,0,1,0,0,0,0,0,1,0,0,0,0
Generated,FALSE,1579,0,0,1,0,0,0,0,0,1,0,0,0,0
Generated,FALSE,1593,0,0,1,0,0,0,0,0,1,0,0,0,0
Generated,FALSE,1594,0,0,1,0,0,0,0,0,1,0,0,0,0
Generated,FALSE,1595,0,0,1,0,0,0,0,0,1,0,0,0,0
Generated,FALSE,1640,0,0,1,0,0,0,0,0,1,0,0,0,0
Generated,FALSE,3068,0,0,1,0,0,0,0,0,1,0,0,0,0
Generated,FALSE,3092,0,0,1,0,0,0,0,0,1,0,0,0,0
Generated,FALSE,3199,0,0,1,0,0,0,0,0,1,0,0,0,0
Gesturing,TRUE,1072,0,0,1,1,0,0,0,0,0,0,0,0,0
Giving,TRUE,1590,0,1,0,0,1,0,0,0,0,0,0,0,0
Grimacing,TRUE,1058,0,0,1,1,0,0,0,0,0,0,0,0,0
Grimacing,TRUE,1688,0,0,0,1,0,0,1,0,0,0,0,0,0
Grimacing,TRUE,1762,0,0,1,1,0,0,0,0,0,0,0,0,0
Guided,FALSE,293,0,0,0,0,0,0,1,0,0,0,0,0,1
Guiding,TRUE,400,0,0,0,1,0,0,1,0,0,0,0,0,0
Guiding,TRUE,1779,0,0,1,0,0,0,0,0,0,0,1,0,0
Guiding,TRUE,2246,0,0,1,0,0,1,0,0,0,0,0,0,0
Guiding,TRUE,3062,0,0,0,1,0,0,1,0,0,0,0,0,0
Guiding,TRUE,3228,0,0,1,0,0,0,0,0,0,1,0,0,0
Hacked,FALSE,754,0,0,0,0,0,1,1,0,0,0,0,0,0
Hacked,FALSE,2989,1,0,1,0,0,0,0,0,0,0,0,0,0
Hacked,FALSE,3005,0,0,0,0,0,0,1,0,0,0,1,0,0
Hacked,FALSE,3063,0,0,0,0,0,1,1,0,0,0,0,0,0
Hacked,FALSE,3140,0,1,0,0,0,0,0,1,0,0,0,0,0
Hacking,TRUE,525,0,0,1,0,0,0,0,0,0,1,0,0,0
Hacking,TRUE,1008,0,0,0,1,0,0,1,0,0,0,0,0,0
Hacking,TRUE,1081,0,0,1,0,0,0,0,0,0,1,0,0,0
Hacking,TRUE,1783,0,0,1,0,0,0,0,0,0,1,0,0,0
Hacking,TRUE,1785,0,0,1,0,0,0,0,0,0,1,0,0,0
Hacking,TRUE,1787,0,0,1,1,0,0,0,0,0,0,0,0,0
Hacking,TRUE,1789,0,0,1,0,0,0,0,0,0,1,0,0,0
Hacking,TRUE,1974,0,0,1,0,0,0,0,0,0,1,0,0,0
Hacking,TRUE,1991,0,0,1,0,0,0,0,0,0,1,0,0,0
Hacking,TRUE,2211,0,1,0,0,1,0,0,0,0,0,0,0,0
Hacking,TRUE,2244,0,0,1,0,0,0,0,0,0,1,0,0,0
Hacking,TRUE,2738,0,0,1,1,0,0,0,0,0,0,0,0,0
Hacking,TRUE,3203,0,0,1,0,0,0,0,0,0,1,0,0,0
Hacking,TRUE,3233,0,0,0,1,0,0,1,0,0,0,0,0,0
Harassing,TRUE,1164,0,1,0,0,1,0,0,0,0,0,0,0,0
Helped,FALSE,2861,0,1,0,0,1,0,0,0,0,0,0,0,0
Helping,TRUE,1164,0,1,0,0,0,1,0,0,0,0,0,0,0
Helping,TRUE,1590,0,1,0,0,1,0,0,0,0,0,0,0,0
Hidden,FALSE,1129,0,0,0,0,0,1,1,0,0,0,0,0,0
Hidden,FALSE,2247,0,0,1,0,0,0,0,0,0,0,0,0,1
Hiding,TRUE,379,0,0,1,1,0,0,0,0,0,0,0,0,0
Hiding,TRUE,573,0,0,1,1,0,0,0,0,0,0,0,0,0
Hiding,TRUE,582,0,0,0,1,0,0,1,0,0,0,0,0,0
Hiding,TRUE,1550,0,0,1,1,0,0,0,0,0,0,0,0,0
Hiding,TRUE,1554,0,0,1,1,0,0,0,0,0,0,0,0,0
Hiding,TRUE,1564,0,0,1,1,0,0,0,0,0,0,0,0,0
Hiding,TRUE,1585,0,0,1,0,1,0,0,0,0,0,0,0,0
Hiding,TRUE,2566,0,0,1,1,0,0,0,0,0,0,0,0,0
Hiding,TRUE,3148,0,0,1,1,0,0,0,0,0,0,0,0,0
Highjacking,TRUE,1787,0,0,1,1,0,0,0,0,0,0,0,0,0
Highjacking,TRUE,1789,0,0,1,0,0,0,0,0,0,1,0,0,0
Hunted,FALSE,564,0,0,0,0,1,0,1,0,0,0,0,0,0
Hunted,FALSE,582,0,0,0,1,0,0,1,0,0,0,0,0,0
Hunting,TRUE,276,0,0,0,1,0,0,1,0,0,0,0,0,0
Hunting,TRUE,326,1,1,0,0,0,0,0,0,0,0,0,0,0
Hunting,TRUE,676,0,1,0,0,1,0,0,0,0,0,0,0,0
Hunting,TRUE,1750,0,1,0,0,0,0,0,0,0,0,0,0,1
Hypothesizing,TRUE,1565,0,0,1,0,0,0,0,0,0,1,0,0,0
Identified,FALSE,627,0,1,0,0,1,0,0,0,0,0,0,0,0
Identified,FALSE,638,0,1,0,0,1,0,0,0,0,0,0,0,0
Identified,FALSE,746,0,0,0,0,1,0,1,0,0,0,0,0,0
Identified,FALSE,1652,0,0,1,1,0,0,0,0,0,0,0,0,0
Identified,FALSE,1936,0,1,0,0,1,0,0,0,0,0,0,0,0
Identified,FALSE,2296,0,1,0,0,1,0,0,0,0,0,0,0,0
Identified,FALSE,2570,0,0,1,0,0,0,0,0,0,0,1,0,0
Identified,FALSE,2806,0,0,0,0,1,1,2,0,0,0,0,0,0
Identified,FALSE,2966,0,1,0,0,1,0,0,0,0,0,0,0,0
Identified,FALSE,2989,0,0,1,0,0,0,0,0,0,1,0,0,0
Identifying,TRUE,527,0,0,1,1,0,0,0,0,0,0,0,0,0
Identifying,TRUE,2570,0,0,1,1,0,0,0,0,0,0,0,0,0
Identifying,TRUE,2874,1,1,0,0,0,0,0,0,0,0,0,0,0
Identifying,TRUE,2884,0,0,0,0,0,0,1,0,0,0,0,0,1
Identifying,TRUE,2969,0,1,0,0,0,1,0,0,0,0,0,0,0
Ignoring,TRUE,2015,0,1,0,0,1,0,0,0,0,0,0,0,0
Imagining,TRUE,1640,0,0,1,0,0,0,0,0,0,1,0,0,0
Immersing,TRUE,1976,0,0,1,1,0,0,0,0,0,0,0,0,0
Imposing,TRUE,3158,0,0,1,0,0,0,0,0,0,1,0,0,0
Including,TRUE,3199,0,0,1,0,0,0,0,0,0,1,0,0,0
Influenced,FALSE,1691,0,0,1,1,0,0,0,0,0,0,0,0,0
Influencing,TRUE,1691,0,0,1,0,0,0,0,0,1,0,0,0,0
Informed,FALSE,1215,0,0,1,1,0,0,0,0,0,0,0,0,0
Informed,FALSE,1742,0,0,0,0,0,1,1,0,0,0,0,0,0
Informed,FALSE,2386,0,1,0,0,1,0,0,0,0,0,0,0,0
Informing,TRUE,317,0,1,0,0,0,0,0,0,0,1,0,0,0
Informing,TRUE,657,0,1,0,0,1,0,0,0,0,0,0,0,0
Informing,TRUE,2883,0,0,0,0,0,0,1,0,0,0,0,0,1
Inspiring,TRUE,295,0,0,1,0,0,0,0,0,0,1,0,0,0
Inspiring,TRUE,317,0,1,0,0,0,0,0,0,0,1,0,0,0
Inspiring,TRUE,725,0,0,1,0,0,0,0,0,0,1,0,0,0
Inspiring,TRUE,986,0,0,1,0,0,0,0,0,0,1,0,0,0
Inspiring,TRUE,994,0,0,1,0,0,0,0,0,0,1,0,0,0
Inspiring,TRUE,1093,0,1,0,0,0,0,0,0,0,1,0,0,0
Installing,TRUE,303,0,0,1,0,0,0,0,0,0,1,0,0,0
Installing,TRUE,2230,0,1,0,0,0,1,0,0,0,0,0,0,0
Instructing,TRUE,1021,1,1,0,0,0,0,0,0,0,0,0,0,0
Instructing,TRUE,2288,1,1,0,0,0,0,0,0,0,0,0,0,0
Integrated,FALSE,301,0,1,0,0,0,0,0,0,1,0,0,0,0
Interacting,TRUE,991,0,0,1,1,0,0,0,0,0,0,0,0,0
Interacting,TRUE,1673,0,0,1,1,0,0,0,0,0,0,0,0,0
Interacting,TRUE,2565,0,0,1,1,0,0,0,0,0,0,0,0,0
Intercepting,TRUE,2244,0,0,1,0,0,0,0,0,0,1,0,0,0
Interpreted,FALSE,1081,0,0,1,0,0,0,0,0,1,0,0,0,0
Interpreted,FALSE,1967,0,0,1,0,0,0,0,0,1,0,0,0,0
Interpreted,FALSE,2246,0,0,1,0,0,0,0,0,1,0,0,0,0
Interpreted,FALSE,2569,0,0,1,0,0,0,0,0,1,0,0,0,0
Interpreting,TRUE,3052,0,0,1,1,0,0,0,0,0,0,0,0,0
Interviewing,TRUE,2204,0,1,0,0,0,1,0,0,0,0,0,0,0
Intruding,TRUE,398,1,0,0,0,0,0,1,0,0,0,0,0,0
Intruding,TRUE,525,0,0,1,0,0,0,0,0,0,1,0,0,0
Intruding,TRUE,2243,0,0,1,1,0,0,0,0,0,0,0,0,0
Invading,TRUE,509,0,1,0,1,0,0,0,0,0,0,0,0,0
Inventing,TRUE,1164,0,1,0,0,0,1,0,0,0,0,0,0,0
Inverting,TRUE,3148,0,0,1,0,0,0,0,0,0,1,0,0,0
Investigated,FALSE,716,0,0,1,0,0,1,0,0,0,0,0,0,0
Investigated,FALSE,2010,0,1,0,0,0,0,0,1,0,0,0,0,0
Investigating,TRUE,362,0,0,0,1,0,0,1,0,0,0,0,0,0
Investigating,TRUE,716,0,0,1,0,0,0,0,0,0,1,0,0,0
Investigating,TRUE,1616,0,0,1,0,0,0,0,0,0,1,0,0,0
Investigating,TRUE,2979,0,0,0,1,0,0,1,0,0,0,0,0,0
Investing,TRUE,1636,0,0,1,0,0,1,0,0,0,0,0,0,0
Judged,FALSE,1652,0,0,1,1,0,0,0,0,0,0,0,0,0
Judged,FALSE,3211,0,0,1,1,0,0,0,0,0,0,0,0,0
Judging,TRUE,531,0,0,1,1,0,0,0,0,0,0,0,0,0
Judging,TRUE,2938,0,0,1,0,1,0,0,0,0,0,0,0,0
Judging,TRUE,2959,0,1,0,0,1,0,0,0,0,0,0,0,0
Juxtapositioning,TRUE,2771,0,0,1,0,0,0,0,0,0,1,0,0,0
Killed,FALSE,1750,0,1,0,0,0,0,0,0,0,0,0,0,1
Killed,FALSE,2211,0,1,0,0,1,0,0,0,0,0,0,0,0
Killed,FALSE,2726,0,1,0,0,0,0,0,0,0,0,0,0,1
Killed,FALSE,2761,0,0,0,0,0,0,1,0,0,0,0,0,1
Killed,FALSE,3078,0,1,0,0,1,0,0,0,0,0,0,0,0
Killed,FALSE,3083,0,1,0,0,1,0,0,0,0,0,0,0,0
Killed,FALSE,3221,0,1,0,0,1,0,0,0,0,0,0,0,0
Killed,FALSE,3234,0,0,0,0,0,0,1,0,0,0,1,0,0
Killing,TRUE,676,0,1,0,0,1,0,0,0,0,0,0,0,0
Killing,TRUE,963,1,1,0,0,0,0,0,0,0,0,0,0,0
Killing,TRUE,1010,0,0,0,1,0,0,1,0,0,0,0,0,0
Killing,TRUE,2105,0,1,0,0,0,0,0,0,0,0,0,0,1
Killing,TRUE,2716,1,1,0,0,0,0,0,0,0,0,0,0,0
Killing,TRUE,3083,0,2,0,1,0,0,0,0,0,0,0,0,1
Killing,TRUE,3173,0,0,1,0,0,0,0,0,0,0,1,0,0
Labeled,FALSE,458,0,1,0,0,1,0,0,0,0,0,0,0,0
Labeled,FALSE,1081,0,0,1,0,0,0,0,0,1,0,0,0,0
Labeled,FALSE,1180,0,0,1,0,0,0,0,0,1,0,0,0,0
Labeled,FALSE,1653,0,0,1,0,0,0,0,0,1,0,0,0,0
Labeled,FALSE,1948,0,0,1,0,0,0,0,1,0,0,0,0,0
Labeled,FALSE,2246,0,0,1,0,0,0,0,0,1,0,0,0,0
Labeled,FALSE,2569,0,0,1,0,0,0,0,0,1,0,0,0,0
Labeled,FALSE,2966,0,1,0,0,1,0,0,0,0,0,0,0,0
Labeled,FALSE,3057,0,0,1,0,0,0,0,0,1,0,0,0,0
Labeled,FALSE,3267,0,1,0,0,1,0,0,0,0,0,0,0,0
Labeling,TRUE,528,0,0,1,0,0,0,0,0,0,1,0,0,0
Labeling,TRUE,1138,0,0,1,1,0,0,0,0,0,0,0,0,0
Launching,TRUE,1137,0,0,1,0,0,0,0,0,0,0,0,0,1
Law-enforcing,TRUE,293,0,0,0,0,0,0,1,0,0,0,0,0,1
Layered,FALSE,2533,0,0,1,0,0,0,0,0,1,0,0,0,0
Learning,TRUE,1146,0,0,0,1,0,0,1,0,0,0,0,0,0
Learning,TRUE,1688,0,0,0,1,0,0,1,0,0,0,0,0,0
Learning,TRUE,1985,0,0,1,1,0,0,0,0,0,0,0,0,0
Learning,TRUE,3190,0,0,1,1,0,0,0,0,0,0,0,0,0
Learning,TRUE,3228,0,0,1,0,1,0,0,0,0,0,0,0,0
Limited,FALSE,1976,0,0,1,1,0,0,0,0,0,0,0,0,0
Located,FALSE,276,0,0,0,1,0,0,1,0,0,0,0,0,0
Located,FALSE,2258,0,1,0,0,1,0,0,0,0,0,0,0,0
Locating,TRUE,2884,0,0,0,0,0,0,1,0,0,0,0,0,1
Looking,TRUE,1546,0,0,1,0,0,0,0,0,0,1,0,0,0
Looking,TRUE,2015,0,1,0,0,1,0,0,0,0,0,0,0,0
Looking,TRUE,3006,0,0,0,1,0,0,1,0,0,0,0,0,0
Loved,FALSE,2861,0,1,0,0,1,0,0,0,0,0,0,0,0
Managed,FALSE,1636,0,0,1,0,0,0,0,0,0,0,0,1,0
Managing,TRUE,1636,0,0,1,0,0,1,0,0,0,0,0,0,0
Manipulated,FALSE,1593,0,0,1,0,0,0,0,0,1,0,0,0,0
Manipulated,FALSE,1654,0,0,1,0,0,0,0,0,1,0,0,0,0
Manipulated,FALSE,1686,0,0,0,1,0,0,1,0,0,0,0,0,0
Manipulated,FALSE,2211,0,1,0,0,1,0,0,0,0,0,0,0,0
Manipulating,TRUE,1593,0,0,1,1,0,0,0,0,0,0,0,0,0
Manipulating,TRUE,1654,0,0,1,1,0,0,0,0,0,0,0,0,0
Manipulating,TRUE,2386,0,1,0,0,1,0,0,0,0,0,0,0,0
Mapped,FALSE,957,0,1,0,0,0,0,0,0,0,0,0,1,0
Mapped,FALSE,1155,0,0,1,0,0,0,0,0,0,0,0,1,0
Mapped,FALSE,3122,0,1,0,0,1,0,0,0,0,0,0,0,0
Mapping,TRUE,1546,0,0,1,0,0,0,0,0,0,1,0,0,0
Mapping,TRUE,2738,0,0,1,0,0,0,0,1,0,0,0,0,0
Mapping,TRUE,3228,0,0,1,0,0,0,0,0,0,1,0,0,0
Marginalized,FALSE,1563,0,0,1,1,0,0,0,0,0,0,0,0,0
Masked,FALSE,654,0,1,0,0,1,0,0,0,0,0,0,0,0
Masked,FALSE,2533,0,0,1,0,0,0,0,0,0,1,0,0,0
Masked,FALSE,2566,0,0,1,1,0,0,0,0,0,0,0,0,0
Masked,FALSE,3179,0,0,1,1,0,0,0,0,0,0,0,0,0
Masking,TRUE,654,0,1,0,0,0,0,0,1,0,0,0,0,0
Matched,FALSE,1651,0,0,1,1,0,0,0,0,0,0,0,0,0
Matched,FALSE,1652,0,0,1,1,0,0,0,0,0,0,0,0,0
Matched,FALSE,1653,0,0,1,1,0,0,0,0,0,0,0,0,0
Measured,FALSE,1691,0,0,1,1,0,0,0,0,0,0,0,0,0
Measured,FALSE,3006,0,0,0,1,0,0,1,0,0,0,0,0,0
Measured,FALSE,3041,0,0,1,1,0,0,0,0,0,0,0,0,0
Measured,FALSE,3080,0,0,1,0,1,0,0,0,0,0,0,0,0
Mediating,TRUE,3041,0,0,1,1,0,0,0,0,0,0,0,0,0
Merged,FALSE,2989,0,0,1,0,0,0,0,0,1,0,0,0,0
Merging,TRUE,3199,0,0,1,0,0,0,0,0,1,0,0,0,0
Mimicking,TRUE,707,0,0,0,1,0,0,1,0,0,0,0,0,0
Mimicking,TRUE,1913,0,0,1,0,0,0,0,0,1,0,0,0,0
Mimicking,TRUE,2567,0,0,1,1,0,0,0,0,0,0,0,0,0
Mimicking,TRUE,3068,0,0,1,1,0,0,0,0,0,0,0,0,0
Mimicking,TRUE,3179,0,0,1,1,0,0,0,0,0,0,0,0,0
Mirrored,FALSE,529,0,0,1,1,0,0,0,0,0,0,0,0,0
Mirrored,FALSE,1072,0,0,1,1,0,0,0,0,0,0,0,0,0
Mirrored,FALSE,1628,0,0,1,1,0,0,0,0,0,0,0,0,0
Mirroring,TRUE,3068,0,0,1,1,0,0,0,0,0,0,0,0,0
Misidentified,FALSE,627,0,1,0,0,1,0,0,0,0,0,0,0,0
Misinforming,TRUE,1164,0,1,0,0,1,0,0,0,0,0,0,0,0
Misinterpreted,FALSE,2535,0,0,1,0,0,0,0,0,1,0,0,0,0
Misinterpreted,FALSE,2553,0,0,1,0,0,0,0,0,1,0,0,0,0
Misinterpreted,FALSE,2832,0,0,1,0,0,0,0,0,0,1,0,0,0
Misleading,TRUE,659,0,0,1,0,0,0,0,0,1,0,0,0,0
Misrepresented,FALSE,291,0,0,1,0,0,0,0,0,0,0,0,1,0
Misusing,TRUE,3176,0,0,1,0,0,0,0,0,0,1,0,0,0
Mocking,TRUE,1164,0,1,0,0,1,0,0,0,0,0,0,0,0
Modified,FALSE,2821,0,0,1,1,0,0,0,0,0,0,0,0,0
Monetized,FALSE,3041,0,0,1,0,0,0,0,0,1,0,0,0,0
Monitored,FALSE,293,0,0,0,0,0,0,1,0,0,0,0,0,1
Monitored,FALSE,1005,0,0,0,0,1,0,1,0,0,0,0,0,0
Monitored,FALSE,1587,0,1,0,0,1,0,0,0,0,0,0,0,0
Monitored,FALSE,1936,0,1,0,0,1,0,0,0,0,0,0,0,0
Monitored,FALSE,2282,0,1,0,0,0,0,0,0,0,0,0,1,0
Monitored,FALSE,2806,0,0,0,0,1,0,1,0,0,0,0,0,0
Monitored,FALSE,3041,0,0,1,1,0,0,0,0,0,0,0,0,0
Monitored,FALSE,3089,0,1,0,0,1,0,0,0,0,0,0,0,0
Monitored,FALSE,3173,0,0,1,0,0,0,0,0,0,0,1,0,0
Monitoring,TRUE,243,1,1,0,0,0,0,0,0,0,0,0,0,0
Monitoring,TRUE,244,0,0,1,0,1,0,0,0,0,0,0,0,0
Monitoring,TRUE,326,1,1,0,0,0,0,0,0,0,0,0,0,0
Monitoring,TRUE,401,0,0,0,1,0,0,1,0,0,0,0,0,0
Monitoring,TRUE,404,0,1,0,0,0,1,0,0,0,0,0,0,0
Monitoring,TRUE,582,0,0,0,1,0,0,1,0,0,0,0,0,0
Monitoring,TRUE,670,0,0,0,1,0,0,1,0,0,0,0,0,0
Monitoring,TRUE,1005,0,0,0,1,0,0,1,0,0,0,0,0,0
Monitoring,TRUE,1122,0,0,0,0,0,1,1,0,0,0,0,0,0
Monitoring,TRUE,1587,0,1,0,0,0,1,0,0,0,0,0,0,0
Monitoring,TRUE,1742,0,0,0,0,0,1,1,0,0,0,0,0,0
Monitoring,TRUE,2566,0,0,1,0,0,0,0,0,0,0,1,0,0
Monitoring,TRUE,2806,0,0,0,0,0,1,1,0,0,0,0,0,0
Monitoring,TRUE,2875,0,0,0,1,0,0,1,0,0,0,0,0,0
Monitoring,TRUE,3089,1,1,0,0,0,0,0,0,0,0,0,0,0
Morphing,TRUE,761,0,1,0,0,1,0,0,0,0,0,0,0,0
Moving,TRUE,252,0,0,1,0,0,0,0,1,0,0,0,0,0
Moving,TRUE,594,0,0,1,1,0,0,0,0,0,0,0,0,0
Moving,TRUE,1546,0,0,1,0,0,0,0,0,0,1,0,0,0
Moving,TRUE,1783,0,0,1,0,0,0,0,0,0,1,0,0,0
Moving,TRUE,2069,0,0,1,1,0,0,0,0,0,0,0,0,0
Multiplied,FALSE,1913,0,0,1,0,0,0,0,0,1,0,0,0,0
Narrating,TRUE,1985,0,0,1,0,0,0,0,0,1,0,0,0,0
Narrating,TRUE,2771,0,0,1,0,0,0,0,0,0,1,0,0,0
Navigating,TRUE,2248,0,0,1,1,0,0,0,0,0,0,0,0,0
Navigating,TRUE,3006,0,0,0,1,0,0,1,0,0,0,0,0,0
Navigating,TRUE,3018,0,0,1,1,0,0,0,0,0,0,0,0,0
Negotiating,TRUE,754,0,0,0,1,0,0,1,0,0,0,0,0,0
Obfuscated,FALSE,1052,0,0,1,1,0,0,0,0,0,0,0,0,0
Obfuscated,FALSE,1217,0,0,1,0,0,0,0,0,1,0,0,0,0
Obfuscating,TRUE,311,0,0,1,0,0,0,0,1,0,0,0,0,0
Obfuscating,TRUE,1548,0,0,1,0,0,0,0,1,0,0,0,0,0
Obfuscating,TRUE,1549,0,0,1,0,0,0,0,1,0,0,0,0,0
Obfuscating,TRUE,1550,0,0,1,0,0,0,0,1,0,0,0,0,0
Obfuscating,TRUE,1551,0,0,1,0,0,0,0,1,0,0,0,0,0
Obfuscating,TRUE,1553,0,0,1,0,0,0,0,1,0,0,0,0,0
Obfuscating,TRUE,1554,0,0,1,0,0,0,0,1,0,0,0,0,0
Obfuscating,TRUE,1564,0,0,1,0,0,0,0,1,0,0,0,0,0
Obfuscating,TRUE,1578,0,0,1,0,0,0,0,0,1,0,0,0,0
Obfuscating,TRUE,2247,0,0,1,0,0,1,0,0,0,0,0,0,0
Obscuring,TRUE,573,0,0,1,0,0,0,0,1,0,0,0,0,0
Observed,FALSE,398,0,0,0,0,1,0,1,0,0,0,0,0,0
Observed,FALSE,2726,0,1,0,0,0,0,0,0,0,0,0,0,1
Observed,FALSE,2760,0,0,1,0,0,0,0,1,0,0,0,0,0
Observed,FALSE,3044,0,0,1,0,1,0,0,0,0,0,0,0,0
Observing,TRUE,362,0,0,0,1,0,0,1,0,0,0,0,0,0
Observing,TRUE,594,0,0,1,1,0,0,0,0,0,0,0,0,0
Observing,TRUE,1233,1,0,0,0,0,0,1,0,0,0,0,0,0
Observing,TRUE,1546,0,0,1,1,0,0,0,0,0,0,0,0,0
Observing,TRUE,1785,0,0,1,0,1,0,0,0,0,0,0,0,0
Observing,TRUE,1789,0,0,1,0,1,0,0,0,0,0,0,0,0
Observing,TRUE,1976,0,0,1,1,0,0,0,0,0,0,0,0,0
Observing,TRUE,2184,0,1,0,0,1,0,0,0,0,0,0,0,0
Observing,TRUE,2243,0,0,1,1,0,0,0,0,0,0,0,0,0
Observing,TRUE,3013,0,0,1,1,0,0,0,0,0,0,0,0,0
Observing,TRUE,3015,0,0,1,1,0,0,0,0,0,0,0,0,0
Observing,TRUE,3040,0,0,1,1,0,0,0,0,0,0,0,0,0
Observing,TRUE,3044,0,0,1,1,0,0,0,0,0,0,0,0,0
Obstructed,FALSE,3138,0,1,0,0,0,0,0,0,0,0,1,0,0
Oppressed,FALSE,315,0,1,0,0,0,0,0,0,0,1,0,0,0
Oppressed,FALSE,398,0,0,0,0,1,0,1,0,0,0,0,0,0
Oppressed,FALSE,1563,0,0,1,1,0,0,0,0,0,0,0,0,0
Oppressed,FALSE,3089,0,1,0,0,1,0,0,0,0,0,0,0,0
Oppressing,TRUE,243,1,1,0,0,0,0,0,0,0,0,0,0,0
Oppressing,TRUE,315,0,1,0,0,0,0,0,0,0,0,1,0,0
Oppressing,TRUE,398,1,0,0,0,0,0,1,0,0,0,0,0,0
Oppressing,TRUE,400,0,0,0,0,0,1,1,0,0,0,0,0,0
Oppressing,TRUE,581,1,0,0,0,0,0,1,0,0,0,0,0,0
Oppressing,TRUE,930,0,1,0,0,0,1,0,0,0,0,0,0,0
Oppressing,TRUE,2041,0,0,1,0,0,0,0,0,0,0,0,0,1
Oppressing,TRUE,2104,0,1,0,0,0,0,0,0,0,0,0,0,1
Oppressing,TRUE,2566,0,0,1,0,0,0,0,0,0,0,1,0,0
Oppressing,TRUE,3089,1,1,0,0,0,0,0,0,0,0,0,0,0
Oppressing,TRUE,3115,1,0,0,0,0,0,1,0,0,0,0,0,0
Orchestrating,TRUE,1122,0,0,0,0,0,1,1,0,0,0,0,0,0
Ordering,TRUE,924,0,1,0,0,0,1,0,0,0,0,0,0,0
Ordering,TRUE,2716,1,1,0,0,0,0,0,0,0,0,0,0,0
Outsourcing,TRUE,2246,0,0,1,0,0,1,0,0,0,0,0,0,0
Outsourcing,TRUE,2983,0,0,1,0,0,0,0,0,0,1,0,0,0
Overloading,TRUE,1549,0,0,1,0,0,0,0,1,0,0,0,0,0
Overwhelmed,FALSE,322,0,0,1,1,0,0,0,0,0,0,0,0,0
Overwhelmed,FALSE,2069,0,0,1,1,0,0,0,0,0,0,0,0,0
Overwhelming,TRUE,2069,0,0,1,0,0,0,0,0,1,0,0,0,0
Overworking,TRUE,963,1,1,0,0,0,0,0,0,0,0,0,0,0
Owning,TRUE,318,0,0,1,0,0,1,0,0,0,0,0,0,0
Painting,TRUE,424,0,0,1,0,0,0,0,0,0,1,0,0,0
Panicking,TRUE,1639,0,1,0,0,0,0,0,0,0,0,1,0,0
Panicking,TRUE,3221,0,1,0,0,1,0,0,0,0,0,0,0,0
Participating,TRUE,2821,0,0,1,1,0,0,0,0,0,0,0,0,0
Passive,FALSE,289,0,1,0,0,0,0,0,1,0,0,0,0,0
Passive,FALSE,1789,0,0,1,0,1,0,0,0,0,0,0,0,0
Patrolling,TRUE,2877,0,0,0,0,0,0,1,0,0,0,1,0,0
Perceiving,TRUE,1049,0,0,1,0,0,0,0,0,0,1,0,0,0
Perceiving,TRUE,1991,0,0,1,1,0,0,0,0,0,0,0,0,0
Performing,TRUE,727,0,0,1,0,0,0,0,0,0,1,0,0,0
Performing,TRUE,1614,0,0,1,0,1,0,0,0,0,0,0,0,0
Performing,TRUE,1974,0,0,1,0,0,0,0,0,0,1,0,0,0
Performing,TRUE,2041,0,0,1,1,0,0,0,0,0,0,0,0,0
Persuading,TRUE,676,0,2,0,0,1,1,0,0,0,0,0,0,0
Photographed,FALSE,1673,0,0,1,1,0,0,0,0,0,0,0,0,0
Photographed,FALSE,2989,0,0,1,0,0,0,0,0,0,1,0,0,0
Photographed,FALSE,3013,0,0,1,1,0,0,0,0,0,0,0,0,0
Photographed,FALSE,3092,0,0,1,0,1,0,0,0,0,0,0,0,0
Photographed,FALSE,3199,0,0,1,0,1,0,0,0,0,0,0,0,0
Photographed,FALSE,3211,0,0,1,1,0,0,0,0,0,0,0,0,0
Photographing,TRUE,1153,0,0,1,0,0,0,0,0,0,1,0,0,0
Photographing,TRUE,1673,0,0,1,1,0,0,0,0,0,0,0,0,0
Photographing,TRUE,2833,0,0,1,0,0,0,0,0,0,1,0,0,0
Photographing,TRUE,2979,0,0,0,1,0,0,1,0,0,0,0,0,0
Photographing,TRUE,3044,0,0,1,1,0,0,0,0,0,0,0,0,0
Photographing,TRUE,3092,0,0,1,0,0,0,0,0,0,1,0,0,0
Photographing,TRUE,3199,0,0,1,0,0,0,0,0,0,1,0,0,0
Picking,TRUE,3190,0,0,1,1,0,0,0,0,0,0,0,0,0
Pirating,TRUE,3203,0,0,1,0,0,0,0,0,0,1,0,0,0
Placing,TRUE,1594,0,0,1,1,0,0,0,0,0,0,0,0,0
Placing,TRUE,3162,0,0,1,0,0,0,0,0,0,1,0,0,0
Planning,TRUE,1122,0,0,0,0,0,1,1,0,0,0,0,0,0
Planning,TRUE,1692,0,0,0,0,0,0,1,0,0,0,0,0,1
Planning,TRUE,2386,0,1,0,0,1,0,0,0,0,0,0,0,0
Playing,TRUE,1058,0,0,1,1,0,0,0,0,0,0,0,0,0
Playing,TRUE,1075,0,0,1,1,0,0,0,0,0,0,0,0,0
Playing,TRUE,1688,0,0,0,1,0,0,1,0,0,0,0,0,0
Playing,TRUE,2386,0,1,0,0,1,0,0,0,0,0,0,0,0
Playing,TRUE,2513,0,1,0,0,1,0,0,0,0,0,0,0,0
Playing,TRUE,3148,0,0,1,1,0,0,0,0,0,0,0,0,0
Playing,TRUE,3179,0,0,1,1,0,0,0,0,0,0,0,0,0
Playing,TRUE,3221,0,1,0,0,1,0,0,0,0,0,0,0,0
Policed,FALSE,1005,0,0,0,0,1,0,1,0,0,0,0,0,0
Policing,TRUE,1005,0,0,0,1,0,0,1,0,0,0,0,0,0
Policing,TRUE,3001,0,0,0,0,0,0,1,0,0,0,1,0,0
Posing,TRUE,258,0,0,1,1,0,0,0,0,0,0,0,0,0
Posing,TRUE,383,0,0,1,1,0,0,0,0,0,0,0,0,0
Posing,TRUE,1058,0,0,1,1,0,0,0,0,0,0,0,0,0
Posing,TRUE,1578,0,0,1,0,0,0,0,0,0,1,0,0,0
Posing,TRUE,1616,0,0,1,1,0,0,0,0,0,0,0,0,0
Posing,TRUE,1651,0,0,1,1,0,0,0,0,0,0,0,0,0
Posing,TRUE,1653,0,0,1,1,0,0,0,0,0,0,0,0,0
Posing,TRUE,1654,0,0,1,1,0,0,0,0,0,0,0,0,0
Posing,TRUE,1657,0,0,1,1,0,0,0,0,0,0,0,0,0
Posing,TRUE,1659,0,0,1,1,0,0,0,0,0,0,0,0,0
Posing,TRUE,1673,0,0,1,1,0,0,0,0,0,0,0,0,0
Posing,TRUE,1762,0,0,1,1,0,0,0,0,0,0,0,0,0
Posing,TRUE,1913,0,0,1,1,0,0,0,0,0,0,0,0,0
Posing,TRUE,1921,0,0,1,1,0,0,0,0,0,0,0,0,0
Posing,TRUE,2533,0,0,1,0,0,0,0,0,0,1,0,0,0
Posing,TRUE,2567,0,0,1,1,0,0,0,0,0,0,0,0,0
Posing,TRUE,2832,0,0,1,0,0,0,0,0,0,1,0,0,0
Posing,TRUE,3013,0,0,1,1,0,0,0,0,0,0,0,0,0
Posing,TRUE,3068,0,0,1,1,0,0,0,0,0,0,0,0,0
Posing,TRUE,3092,0,0,1,0,1,0,0,0,0,0,0,0,0
Posing,TRUE,3199,0,0,1,0,1,0,0,0,0,0,0,0,0
Posing,TRUE,3211,0,0,1,1,0,0,0,0,0,0,0,0,0
Pranking,TRUE,300,0,0,1,0,0,0,0,0,0,1,0,0,0
Pressuring,TRUE,676,0,2,0,0,1,1,0,0,0,0,0,0,0
Pretending,TRUE,2513,0,1,0,0,1,0,0,0,0,0,0,0,0
Produced,FALSE,1614,0,0,1,0,0,0,0,0,1,0,0,0,0
Producing,TRUE,539,0,1,0,0,0,1,0,0,0,0,0,0,0
Producing,TRUE,986,0,0,1,0,0,0,0,0,0,1,0,0,0
Producing,TRUE,1614,0,0,1,0,1,0,0,0,0,0,0,0,0
Prohibiting,TRUE,2877,0,0,0,0,0,0,1,0,0,0,1,0,0
Projected,FALSE,1129,0,0,0,0,0,1,1,0,0,0,0,0,0
Projected,FALSE,2069,0,0,1,0,0,0,0,0,1,0,0,0,0
Projected,FALSE,2096,1,1,0,0,0,0,0,0,0,0,0,0,0
Projected,FALSE,2821,0,0,1,1,0,0,0,0,0,0,0,0,0
Projected,FALSE,3057,0,0,1,0,0,0,0,0,1,0,0,0,0
Promoting,TRUE,657,0,1,0,0,1,0,0,0,0,0,0,0,0
Protected,FALSE,1052,0,0,1,1,0,0,0,0,0,0,0,0,0
Protected,FALSE,2566,0,0,1,1,0,0,0,0,0,0,0,0,0
Protecting,TRUE,401,0,0,0,1,0,0,1,0,0,0,0,0,0
Protecting,TRUE,1021,1,1,0,0,0,0,0,0,0,0,0,0,0
Protecting,TRUE,1548,0,0,1,0,0,0,0,1,0,0,0,0,0
Protecting,TRUE,1550,0,0,1,0,0,0,0,1,0,0,0,0,0
Protecting,TRUE,1551,0,0,1,0,0,0,0,1,0,0,0,0,0
Protecting,TRUE,1554,0,0,1,0,0,0,0,1,0,0,0,0,0
Protecting,TRUE,1564,0,0,1,0,0,0,0,1,0,0,0,0,0
Protecting,TRUE,2566,0,0,1,0,0,0,0,1,0,0,0,0,0
Protecting,TRUE,2875,0,0,0,1,0,0,1,0,0,0,0,0,0
Protesting,TRUE,654,0,1,0,0,1,0,0,0,0,0,0,0,0
Protesting,TRUE,2566,0,0,1,1,0,0,0,0,0,0,0,0,0
Protesting,TRUE,2954,0,1,0,0,1,0,0,0,0,0,0,0,0
Provoking,TRUE,1763,0,0,1,0,0,0,0,0,0,1,0,0,0
Published,FALSE,1653,0,0,1,0,0,0,0,0,1,0,0,0,0
Published,FALSE,1654,0,0,1,0,0,0,0,0,1,0,0,0,0
Published,FALSE,1903,0,0,1,0,0,0,0,0,1,0,0,0,0
Published,FALSE,1917,0,0,1,0,0,0,0,0,1,0,0,0,0
Publishing,TRUE,3195,0,0,1,0,0,0,0,0,0,1,0,0,0
Purchasing,TRUE,328,0,0,0,1,0,0,1,0,0,0,0,0,0
Questioning,TRUE,688,0,1,0,0,0,0,0,0,0,0,1,0,0
Questioning,TRUE,1589,0,1,0,0,1,0,0,0,0,0,0,0,0
Questioning,TRUE,3001,0,0,0,0,0,0,1,0,0,0,1,0,0
Questioning,TRUE,3148,0,0,1,0,0,0,0,0,0,1,0,0,0
Questioning,TRUE,3158,0,0,1,0,0,0,0,0,0,1,0,0,0
Reacting,TRUE,525,0,0,1,0,1,0,0,0,0,0,0,0,0
Read,FALSE,2760,0,0,1,0,0,0,0,1,0,0,0,0,0
Reading,TRUE,1215,0,0,1,1,0,0,0,0,0,0,0,0,0
Realizing,TRUE,1762,0,0,1,1,0,0,0,0,0,0,0,0,0
Realizing,TRUE,1785,0,0,1,0,1,0,0,0,0,0,0,0,0
Realizing,TRUE,3221,0,1,0,0,1,0,0,0,0,0,0,0,0
Reassuring,TRUE,539,0,1,0,0,0,1,0,0,0,0,0,0,0
Receiving,TRUE,323,0,0,1,0,0,0,0,0,0,1,0,0,0
Receiving,TRUE,1217,0,0,1,1,0,0,0,0,0,0,0,0,0
Recognised,FALSE,1660,0,0,1,0,0,0,0,1,0,0,0,0,0
Recognised,FALSE,2434,0,1,0,0,0,0,0,1,0,0,0,0,0
Recognised,FALSE,2465,0,1,0,0,0,0,0,0,0,0,0,1,0
Recognised,FALSE,2535,0,0,1,0,0,0,0,0,1,0,0,0,0
Recognised,FALSE,2551,0,0,1,0,0,0,0,1,0,0,0,0,0
Recognising,TRUE,525,0,0,1,0,1,0,0,0,0,0,0,0,0
Reconstructed,FALSE,291,0,0,1,0,0,0,0,0,0,0,0,1,0
Reconstructed,FALSE,1155,0,0,1,0,0,0,0,0,0,0,0,1,0
Recorded,FALSE,252,0,0,1,0,0,0,0,0,0,0,0,1,0
Recorded,FALSE,298,0,0,0,1,0,0,1,0,0,0,0,0,0
Recorded,FALSE,301,0,1,0,1,0,0,0,0,0,0,0,0,0
Recorded,FALSE,307,0,1,0,0,1,0,0,0,0,0,0,0,0
Recorded,FALSE,315,0,1,0,0,0,0,0,0,0,0,1,0,0
Recorded,FALSE,317,0,2,0,0,1,0,0,0,0,0,1,0,0
Recorded,FALSE,509,0,1,0,1,0,0,0,0,0,0,0,0,0
Recorded,FALSE,716,0,0,1,0,0,1,0,0,0,0,0,0,0
Recorded,FALSE,991,0,0,1,1,0,0,0,0,0,0,0,0,0
Recorded,FALSE,1897,0,1,0,0,0,0,0,0,0,0,0,1,0
Recorded,FALSE,2567,0,0,1,1,0,0,0,0,0,0,0,0,0
Recording,TRUE,654,0,1,0,0,1,0,0,0,0,0,0,0,0
Recording,TRUE,1785,0,0,1,0,0,0,0,0,0,1,0,0,0
Recording,TRUE,1787,0,0,1,1,0,0,0,0,0,0,0,0,0
Recording,TRUE,1897,1,2,0,0,0,1,0,0,0,0,0,0,0
Recording,TRUE,2244,0,0,1,0,0,0,0,0,0,1,0,0,0
Recording,TRUE,2969,0,1,0,0,0,1,0,0,0,0,0,0,0
Reflecting,TRUE,2771,0,0,1,0,0,0,0,0,0,1,0,0,0
Registered,FALSE,2465,0,1,0,0,0,0,0,0,0,0,0,1,0
Remembered,FALSE,1152,0,0,1,0,0,0,0,0,0,0,0,1,0
Reminded,FALSE,525,0,0,1,0,1,0,0,0,0,0,0,0,0
Reminiscing,TRUE,1467,0,0,0,1,0,0,1,0,0,0,0,0,0
Repeating,TRUE,3176,0,0,1,0,0,0,0,0,0,1,0,0,0
Replaced,FALSE,529,0,0,1,1,0,0,0,0,0,0,0,0,0
Replaced,FALSE,1897,0,1,0,0,0,0,0,0,0,0,0,1,0
Replaced,FALSE,1921,0,0,1,0,0,0,0,0,1,0,0,0,0
Replacing,TRUE,509,0,1,0,1,0,0,0,0,0,0,0,0,0
Replacing,TRUE,1897,1,2,0,0,0,1,0,0,0,0,0,0,0
Replicated,FALSE,3203,0,0,1,0,0,0,0,1,0,0,0,0,0
Reported,FALSE,398,0,0,0,0,1,0,1,0,0,0,0,0,0
Reported,FALSE,1005,0,0,0,0,1,0,1,0,0,0,0,0,0
Reporting,TRUE,244,0,0,1,0,1,0,0,0,0,0,0,0,0
Reporting,TRUE,328,0,0,0,1,0,0,1,0,0,0,0,0,0
Reporting,TRUE,362,0,0,0,1,0,0,1,0,0,0,0,0,0
Reporting,TRUE,670,0,0,0,1,0,0,1,0,0,0,0,0,0
Reporting,TRUE,1005,0,0,0,1,0,0,1,0,0,0,0,0,0
Represented,FALSE,1155,0,0,1,0,0,0,0,0,0,0,0,1,0
Representing,TRUE,725,0,0,1,0,0,0,0,0,1,0,0,0,0
Representing,TRUE,1640,0,0,1,0,0,0,0,0,1,0,0,0,0
Representing,TRUE,3092,0,0,1,0,0,0,0,0,1,0,0,0,0
Representing,TRUE,3183,0,0,1,0,0,0,0,0,1,0,0,0,0
Researching,TRUE,537,0,1,0,0,0,1,0,0,0,0,0,0,0
Researching,TRUE,681,0,0,0,1,0,0,1,0,0,0,0,0,0
Researching,TRUE,2110,0,1,0,0,0,1,0,0,0,0,0,0,0
Researching,TRUE,3228,0,0,1,0,0,0,0,0,0,1,0,0,0
Restricing,TRUE,2104,0,1,0,0,0,0,0,0,0,0,0,0,1
Revealed,FALSE,307,0,1,0,0,0,0,0,0,0,0,0,1,0
Revealed,FALSE,388,0,1,0,0,1,0,0,0,0,0,0,0,0
Revealed,FALSE,939,0,0,1,0,0,0,0,0,0,0,0,1,0
Revealed,FALSE,957,0,1,0,0,0,0,0,0,0,0,0,1,0
Revealed,FALSE,1139,0,0,1,0,0,0,0,0,0,0,0,1,0
Revealed,FALSE,1985,0,0,1,0,0,0,0,0,1,0,0,0,0
Revealed,FALSE,2041,0,0,1,0,0,0,0,0,1,0,0,0,0
Revealed,FALSE,2294,0,1,0,0,0,0,0,1,0,0,0,0,0
Revealed,FALSE,2760,0,0,1,0,0,0,0,1,0,0,0,0,0
Revealing,TRUE,1186,0,0,0,1,0,0,1,0,0,0,0,0,0
Revealing,TRUE,1614,0,0,1,0,0,0,0,0,1,0,0,0,0
Revealing,TRUE,1616,0,0,1,0,0,0,0,0,0,1,0,0,0
Revealing,TRUE,1768,0,0,1,0,0,0,0,0,0,1,0,0,0
Revealing,TRUE,1783,0,0,1,0,0,0,0,0,0,1,0,0,0
Revealing,TRUE,1785,0,0,1,0,0,0,0,0,0,1,0,0,0
Revealing,TRUE,1932,0,0,1,0,0,0,0,0,1,0,0,0,0
Revealing,TRUE,2247,0,0,1,0,0,0,0,0,0,1,0,0,0
Reverse-engineering,TRUE,1660,0,0,1,0,0,0,0,0,0,1,0,0,0
Reversing,TRUE,429,0,0,1,0,0,0,0,0,0,1,0,0,0
Reversing,TRUE,1217,0,0,1,0,0,0,0,0,0,1,0,0,0
Reversing,TRUE,1660,0,0,1,0,0,0,0,0,0,1,0,0,0
Reversing,TRUE,1789,0,0,1,0,0,0,0,0,0,1,0,0,0
Safeguarding,TRUE,1103,0,1,0,0,1,0,0,0,0,0,0,0,0
Saved,FALSE,1654,0,0,1,0,0,0,0,0,1,0,0,0,0
Saving,TRUE,754,0,0,0,1,0,0,1,0,0,0,0,0,0
Scanned,FALSE,289,0,1,0,0,0,0,0,1,0,0,0,0,0
Scanned,FALSE,529,0,0,1,1,0,0,0,0,0,0,0,0,0
Scanned,FALSE,638,0,1,0,0,1,0,0,0,0,0,0,0,0
Scanned,FALSE,727,0,0,1,0,0,0,0,0,0,1,0,0,0
Scanned,FALSE,928,0,1,0,0,0,0,0,1,0,0,0,0,0
Scanned,FALSE,1546,0,0,1,0,0,0,0,0,0,1,0,0,0
Scanned,FALSE,2010,0,1,0,0,0,0,0,1,0,0,0,0,0
Scanned,FALSE,2186,0,1,0,0,1,0,0,0,0,0,0,0,0
Scanned,FALSE,2402,0,1,0,0,0,0,0,1,0,0,0,0,0
Scanned,FALSE,2533,0,0,1,0,0,0,0,0,0,1,0,0,0
Scanned,FALSE,2821,0,0,1,1,0,0,0,0,0,0,0,0,0
Scanned,FALSE,3211,0,0,1,1,0,0,0,0,0,0,0,0,0
Scanned,FALSE,3244,0,0,0,0,1,0,1,0,0,0,0,0,0
Scanning,TRUE,1103,0,1,0,0,1,0,0,0,0,0,0,0,0
Scanning,TRUE,1467,0,0,0,1,0,0,1,0,0,0,0,0,0
Scanning,TRUE,1692,0,0,0,0,0,0,1,0,0,0,0,0,1
Scaring,TRUE,525,0,0,1,0,0,0,0,0,0,1,0,0,0
Scouting,TRUE,400,0,0,0,1,0,0,1,0,0,0,0,0,0
Scouting,TRUE,1186,0,0,0,1,0,0,1,0,0,0,0,0,0
Scouting,TRUE,1692,0,0,0,0,0,0,1,0,0,0,0,0,1
Scouting,TRUE,2875,0,0,0,1,0,0,1,0,0,0,0,0,0
Scouting,TRUE,3062,0,0,0,1,0,0,1,0,0,0,0,0,0
Searching,TRUE,318,0,0,1,0,0,0,0,0,0,1,0,0,0
Searching,TRUE,526,0,0,1,1,0,0,0,0,0,0,0,0,0
Searching,TRUE,1750,0,1,0,0,0,0,0,0,0,0,0,0,1
Searching,TRUE,2190,0,1,0,0,0,1,0,0,0,0,0,0,0
Searching,TRUE,2804,0,0,0,0,0,1,2,0,0,0,1,0,0
Searching,TRUE,3003,0,0,0,0,0,0,1,0,0,0,1,0,0
Searching,TRUE,3218,1,1,0,0,0,0,0,0,0,0,0,0,0
Securing,TRUE,2104,0,1,0,0,0,0,0,0,0,0,0,0,1
Seeing,TRUE,1075,0,0,1,1,0,0,0,0,0,0,0,0,0
Seeing,TRUE,1774,0,1,0,0,1,0,0,0,0,0,0,0,0
Seeing,TRUE,1913,0,0,1,1,0,0,0,0,0,0,0,0,0
Seeing,TRUE,1991,0,0,1,1,0,0,0,0,0,0,0,0,0
Selecting,TRUE,295,0,0,1,0,0,0,0,0,0,1,0,0,0
Selecting,TRUE,322,0,0,1,1,0,0,0,0,0,0,0,0,0
Selecting,TRUE,527,0,0,1,0,0,0,0,0,0,1,0,0,0
Selecting,TRUE,528,0,0,1,0,0,0,0,0,0,1,0,0,0
Selecting,TRUE,530,0,0,1,0,0,0,0,0,0,1,0,0,0
Selecting,TRUE,531,0,0,1,0,0,0,0,0,0,1,0,0,0
Selecting,TRUE,725,0,0,1,0,0,0,0,0,0,1,0,0,0
Selecting,TRUE,994,0,0,1,0,0,0,0,0,0,1,0,0,0
Selecting,TRUE,1138,0,0,1,0,0,0,0,0,0,1,0,0,0
Selecting,TRUE,1153,0,0,1,0,0,0,0,0,0,1,0,0,0
Selecting,TRUE,1157,0,0,1,0,0,0,0,0,0,1,0,0,0
Selecting,TRUE,1212,0,0,1,0,0,0,0,0,0,1,0,0,0
Selecting,TRUE,1217,0,0,1,0,0,0,0,0,0,1,0,0,0
Selecting,TRUE,1229,0,0,1,0,0,0,0,0,0,1,0,0,0
Selecting,TRUE,1652,0,0,1,0,0,0,0,0,0,1,0,0,0
Selecting,TRUE,1653,0,0,1,0,0,0,0,0,0,1,0,0,0
Selecting,TRUE,1660,0,0,1,0,0,0,0,0,0,1,0,0,0
Selecting,TRUE,2204,0,1,0,0,0,1,0,0,0,0,0,0,0
Selecting,TRUE,2569,0,0,1,0,0,0,0,0,0,1,0,0,0
Selecting,TRUE,2741,0,0,1,0,0,0,0,0,0,1,0,0,0
Selling,TRUE,1164,0,1,0,0,0,1,0,0,0,0,0,0,0
Selling,TRUE,1587,0,1,0,0,0,1,0,0,0,0,0,0,0
Selling,TRUE,2983,0,0,1,0,0,0,0,0,0,1,0,0,0
Sending,TRUE,323,0,0,1,0,0,0,0,0,0,1,0,0,0
Shaping,TRUE,3041,0,0,1,1,0,0,0,0,0,0,0,0,0
Shared,FALSE,317,0,2,0,0,1,0,0,0,0,0,1,0,0
Shared,FALSE,2567,0,0,1,0,0,0,0,0,1,0,0,0,0
Shared,FALSE,3203,0,0,1,0,0,0,0,1,0,0,0,0,0
Sharing,TRUE,317,0,1,0,0,0,0,0,0,0,1,0,0,0
Sharing,TRUE,3203,0,0,1,0,0,0,0,0,0,1,0,0,0
Shooting,TRUE,315,0,1,0,0,0,0,0,0,0,0,1,0,0
Shooting,TRUE,2761,0,0,0,0,0,0,1,0,0,0,0,0,1
Showing,TRUE,1075,0,0,1,1,0,0,0,0,0,0,0,0,0
Signaling,TRUE,2936,0,0,1,0,0,0,0,1,0,0,0,0,0
Simulated,FALSE,1897,0,1,0,0,0,0,0,0,0,0,0,1,0
Simulated,FALSE,1921,0,0,1,1,0,0,0,0,0,0,0,0,0
Simulating,TRUE,1897,1,2,0,0,0,1,0,0,0,0,0,0,0
Simulating,TRUE,1921,0,0,1,0,0,0,0,0,1,0,0,0,0
Smiling,TRUE,1058,0,0,1,1,0,0,0,0,0,0,0,0,0
Smiling,TRUE,1657,0,0,1,1,0,0,0,0,0,0,0,0,0
Social engineering,TRUE,1768,0,0,1,0,0,0,0,0,0,1,0,0,0
Socialising,TRUE,1631,0,1,0,0,1,0,0,0,0,0,0,0,0
Solving,TRUE,1164,0,1,0,0,0,1,0,0,0,0,0,0,0
Sorted,FALSE,3052,0,0,1,0,0,0,0,0,1,0,0,0,0
Sorting,TRUE,2535,0,0,1,0,0,0,0,0,0,1,0,0,0
Sorting,TRUE,2553,0,0,1,0,0,0,0,0,0,1,0,0,0
Speculating,TRUE,251,0,0,1,0,0,0,0,0,0,1,0,0,0
Speculating,TRUE,390,0,0,1,0,0,0,0,0,0,1,0,0,0
Speculating,TRUE,528,0,0,1,0,0,0,0,0,0,1,0,0,0
Speculating,TRUE,531,0,0,1,0,0,0,0,0,0,1,0,0,0
Speculating,TRUE,594,0,0,1,0,0,0,0,0,0,1,0,0,0
Speculating,TRUE,1099,0,1,0,0,0,1,0,0,0,0,0,0,0
Speculating,TRUE,1636,0,0,1,0,0,1,0,0,0,0,0,0,0
Spying,TRUE,716,0,0,1,0,0,0,0,0,0,1,0,0,0
Spying,TRUE,3233,0,0,0,1,0,0,1,0,0,0,0,0,0
Startled,FALSE,1588,0,1,0,0,1,0,0,0,0,0,0,0,0
Stating,TRUE,3158,0,0,1,0,0,0,0,0,0,1,0,0,0
Stealing,TRUE,1763,0,0,1,0,0,0,0,0,0,1,0,0,0
Stolen,FALSE,1736,0,1,0,0,0,0,0,1,0,0,0,0,0
Stopping,TRUE,1099,0,1,0,0,0,1,0,0,0,0,0,0,0
Streamed,FALSE,293,0,0,0,0,0,0,1,0,0,0,0,0,1
Streamed,FALSE,564,0,0,0,0,1,0,1,0,0,0,0,0,0
Streaming,TRUE,323,0,0,1,0,0,0,0,0,0,1,0,0,0
Studying,TRUE,3228,0,0,1,0,0,0,0,0,0,1,0,0,0
Subcontracting,TRUE,923,0,1,0,0,0,1,0,0,0,0,0,0,0
Subcontracting,TRUE,924,0,1,0,0,0,1,0,0,0,0,0,0,0
Subverted,FALSE,2784,1,0,0,0,0,0,3,0,0,0,1,0,1
Subverting,TRUE,323,0,0,1,0,0,0,0,0,0,1,0,0,0
Subverting,TRUE,400,0,0,0,1,0,0,1,0,0,0,0,0,0
Subverting,TRUE,525,0,0,1,0,0,0,0,0,0,1,0,0,0
Subverting,TRUE,754,0,0,0,1,0,0,1,0,0,0,0,0,0
Subverting,TRUE,942,0,0,1,0,0,0,0,0,0,1,0,0,0
Subverting,TRUE,2570,0,0,1,0,0,0,0,0,0,1,0,0,0
Subverting,TRUE,2983,0,0,1,0,0,0,0,0,0,1,0,0,0
Subverting,TRUE,3148,0,0,1,0,0,0,0,0,0,1,0,0,0
Subverting,TRUE,3203,0,0,1,0,0,0,0,0,0,1,0,0,0
Supervising,TRUE,398,1,0,0,0,0,0,1,0,0,0,0,0,0
Supporting,TRUE,654,0,1,0,0,1,0,0,0,0,0,0,0,0
Surprising,TRUE,659,0,0,1,0,0,0,0,0,1,0,0,0,0
Surprising,TRUE,2533,0,0,1,0,0,0,0,0,1,0,0,0,0
Surveilled,FALSE,328,0,0,0,0,1,0,2,0,0,0,0,1,0
Surveilled,FALSE,716,0,0,1,0,0,1,0,0,0,0,0,0,0
Surveilled,FALSE,1078,0,0,1,1,0,0,0,0,0,0,0,0,0
Surveilled,FALSE,2296,0,1,0,0,1,0,0,0,0,0,0,0,0
Surveilled,FALSE,2861,0,1,0,0,1,0,0,0,0,0,0,0,0
Surveilled,FALSE,2862,0,1,0,0,1,0,0,0,0,0,0,0,0
Surveilled,FALSE,3219,0,1,0,0,1,0,0,0,0,0,0,0,0
Surveilling,TRUE,243,1,1,0,0,0,0,0,0,0,0,0,0,0
Surveilling,TRUE,328,0,0,0,1,0,0,1,0,0,0,0,0,0
Surveilling,TRUE,400,0,0,0,1,0,1,2,0,0,0,0,0,0
Surveilling,TRUE,573,1,0,1,0,0,0,0,0,0,0,0,0,0
Surveilling,TRUE,923,0,1,0,0,0,1,0,0,0,0,0,0,0
Surveilling,TRUE,2105,0,1,0,0,0,0,0,0,0,0,0,0,1
Surveilling,TRUE,2110,0,1,0,0,0,1,0,0,0,0,0,0,0
Surveilling,TRUE,2230,0,1,0,0,0,1,0,0,0,0,0,0,0
Surveilling,TRUE,2531,1,1,0,0,0,0,0,0,0,0,0,0,0
Surveilling,TRUE,2709,1,1,0,0,0,0,0,0,0,0,0,0,0
Surveilling,TRUE,2883,0,0,0,0,0,0,1,0,0,0,0,0,1
Surveilling,TRUE,2949,0,1,0,0,0,1,0,0,0,0,0,0,0
Surveilling,TRUE,3138,0,1,0,0,0,0,0,0,0,0,1,0,0
Surveilling,TRUE,3219,0,1,0,0,0,0,0,0,0,0,1,0,0
Surveying,TRUE,3038,0,0,1,1,0,0,0,0,0,0,0,0,0
Surviving,TRUE,582,0,0,0,1,0,0,1,0,0,0,0,0,0
Swarming,TRUE,654,0,1,0,0,1,0,0,0,0,0,0,0,0
Synthesizing,TRUE,526,0,0,1,0,0,0,0,0,0,1,0,0,0
Talking,TRUE,1588,0,1,0,0,1,0,0,0,0,0,0,0,0
Targeted,FALSE,1030,0,0,1,0,1,0,0,0,0,0,0,0,0
Targeted,FALSE,2761,0,0,0,0,0,0,1,0,0,0,0,0,1
Targeted,FALSE,3083,0,1,0,0,1,0,0,0,0,0,0,0,0
Targeting,TRUE,1008,0,0,0,1,0,0,1,0,0,0,0,0,0
Targeting,TRUE,2883,0,0,0,0,0,0,1,0,0,0,0,0,1
Targeting,TRUE,2884,0,0,0,0,0,0,1,0,0,0,0,0,1
Teaching,TRUE,3228,0,0,1,0,0,0,0,0,0,1,0,0,0
Tested,FALSE,3080,0,0,1,0,1,0,0,0,0,0,0,0,0
Testing,TRUE,676,0,1,0,0,0,1,0,0,0,0,0,0,0
Testing,TRUE,2551,0,0,1,0,0,0,0,0,0,1,0,0,0
Testing,TRUE,2553,0,0,1,0,0,0,0,0,0,1,0,0,0
Thinking,TRUE,3041,0,0,1,1,0,0,0,0,0,0,0,0,0
Threatened,FALSE,3219,0,1,0,0,1,0,0,0,0,0,0,0,0
Threatening,TRUE,963,1,1,0,0,0,0,0,0,0,0,0,0,0
Threatening,TRUE,2190,0,1,0,0,0,1,0,0,0,0,0,0,0
Threatening,TRUE,3173,0,0,1,0,0,0,0,0,0,0,1,0,0
Threatening,TRUE,3219,0,1,0,0,0,0,0,0,0,0,1,0,0
Throwing,TRUE,2041,0,0,1,1,0,0,0,0,0,0,0,0,0
Touching,TRUE,1654,0,0,1,1,0,0,0,0,0,0,0,0,0
Tracked,FALSE,3006,0,0,0,1,0,0,1,0,0,0,0,0,0
Tracked,FALSE,3018,0,0,1,1,0,0,0,0,0,0,0,0,0
Tracking,TRUE,2874,1,1,0,0,0,0,0,0,0,0,0,0,0
Tracking,TRUE,2883,0,0,0,0,0,0,1,0,0,0,0,0,1
Training,TRUE,295,0,0,1,0,0,0,0,0,0,1,0,0,0
Training,TRUE,424,0,0,1,0,0,0,0,0,0,1,0,0,0
Training,TRUE,526,0,0,1,0,0,0,0,0,0,1,0,0,0
Training,TRUE,527,0,0,1,1,0,0,0,0,0,0,0,0,0
Training,TRUE,530,0,0,1,0,0,0,0,0,0,1,0,0,0
Training,TRUE,725,0,0,1,0,0,0,0,0,0,1,0,0,0
Training,TRUE,986,0,0,1,0,0,0,0,0,0,1,0,0,0
Training,TRUE,994,0,0,1,0,0,0,0,0,0,1,0,0,0
Training,TRUE,1075,0,0,1,0,0,0,0,0,0,1,0,0,0
Training,TRUE,1138,0,0,1,0,0,0,0,0,0,1,0,0,0
Training,TRUE,1157,0,0,1,0,0,0,0,0,0,1,0,0,0
Training,TRUE,1233,1,0,0,0,0,0,1,0,0,0,0,0,0
Training,TRUE,1518,0,0,1,0,0,0,0,0,0,1,0,0,0
Training,TRUE,1519,0,0,1,0,0,0,0,0,0,1,0,0,0
Training,TRUE,1547,0,0,1,0,0,0,0,0,0,1,0,0,0
Training,TRUE,1579,0,0,1,0,0,0,0,0,0,1,0,0,0
Training,TRUE,1593,0,0,1,0,0,0,0,0,0,1,0,0,0
Training,TRUE,1594,0,0,1,0,0,0,0,0,0,1,0,0,0
Training,TRUE,1616,0,0,1,0,0,0,0,0,0,1,0,0,0
Training,TRUE,1640,0,0,1,0,0,0,0,0,0,1,0,0,0
Training,TRUE,1660,0,0,1,0,0,0,0,0,0,1,0,0,0
Training,TRUE,2246,0,0,1,0,0,1,0,0,0,0,0,0,0
Training,TRUE,2523,0,1,0,0,1,0,0,0,0,0,0,0,0
Training,TRUE,2537,0,0,1,0,0,0,0,0,0,1,0,0,0
Training,TRUE,2741,0,0,1,0,0,0,0,0,0,1,0,0,0
Training,TRUE,2833,0,0,1,0,0,0,0,0,0,1,0,0,0
Training,TRUE,3183,0,0,1,0,0,0,0,0,0,1,0,0,0
Training,TRUE,3186,0,0,1,0,0,0,0,0,0,1,0,0,0
Training,TRUE,3199,0,0,1,0,0,0,0,0,0,1,0,0,0
Training,TRUE,3211,0,0,1,0,0,0,0,0,0,1,0,0,0
Transformed,FALSE,824,0,0,1,0,0,0,0,0,0,0,0,1,0
Transformed,FALSE,939,0,0,1,0,0,0,0,0,0,0,0,1,0
Transformed,FALSE,986,0,0,1,0,0,0,0,0,1,0,0,0,0
Transformed,FALSE,2533,0,0,1,0,0,0,0,0,0,1,0,0,0
Transforming,TRUE,1913,0,0,1,0,0,0,0,0,1,0,0,0,0
Trapping,TRUE,300,0,0,1,0,0,0,0,0,0,1,0,0,0
Traversing,TRUE,3040,0,0,1,1,0,0,0,0,0,0,0,0,0
Tricked,FALSE,1750,0,1,0,0,0,0,0,0,0,0,0,0,1
Tricked,FALSE,1768,0,0,1,0,0,0,0,0,0,0,1,0,0
Tricked,FALSE,2804,0,0,0,0,0,1,2,0,0,0,1,0,0
Tricked,FALSE,3140,0,1,0,0,0,0,0,1,0,0,0,0,0
Tricking,TRUE,300,0,0,1,0,0,0,0,0,0,1,0,0,0
Tricking,TRUE,379,0,0,1,1,0,0,0,0,0,0,0,0,0
Tricking,TRUE,1548,0,0,1,1,0,0,0,0,0,0,0,0,0
Tricking,TRUE,1549,0,0,1,1,0,0,0,0,0,0,0,0,0
Tricking,TRUE,1550,0,0,1,1,0,0,0,0,0,0,0,0,0
Tricking,TRUE,1551,0,0,1,1,0,0,0,0,0,0,0,0,0
Tricking,TRUE,1553,0,0,1,1,0,0,0,0,0,0,0,0,0
Tricking,TRUE,1554,0,0,1,1,0,0,0,0,0,0,0,0,0
Tricking,TRUE,1564,0,0,1,1,0,0,0,0,0,0,0,0,0
Tricking,TRUE,1768,0,0,1,0,0,0,0,0,0,1,0,0,0
Tricking,TRUE,2566,0,0,1,1,0,0,0,0,0,0,0,0,0
Tricking,TRUE,2902,0,0,0,0,0,1,1,0,0,0,0,0,0
Tricking,TRUE,2989,0,0,1,0,0,0,0,0,1,0,0,0,0
Tricking,TRUE,3228,0,0,2,0,1,0,0,0,0,1,0,0,0
Triggering,TRUE,1659,0,0,1,1,0,0,0,0,0,0,0,0,0
Trolling,TRUE,1164,0,1,0,0,1,0,0,0,0,0,0,0,0
Trusted,FALSE,400,0,0,0,1,0,0,1,0,0,0,0,0,0
Trusted,FALSE,3062,0,0,0,1,0,0,1,0,0,0,0,0,0
Unaware,FALSE,2244,0,0,1,0,1,0,0,0,0,0,0,0,0
Unsettled,FALSE,301,0,1,0,1,0,0,0,0,0,0,0,0,0
Uploaded,FALSE,2535,0,0,1,0,0,0,0,0,1,0,0,0,0
Uploaded,FALSE,2938,0,0,1,0,0,0,0,0,1,0,0,0,0
uploading,TRUE,1217,0,0,1,1,0,0,0,0,0,0,0,0,0
uploading,TRUE,2535,0,0,1,0,0,0,0,0,0,1,0,0,0
uploading,TRUE,2821,0,0,1,1,0,0,0,0,0,0,0,0,0
uploading,TRUE,2938,0,0,1,0,0,0,0,0,0,1,0,0,0
Used,FALSE,1614,0,0,1,0,0,0,0,0,1,0,0,0,0
Using,TRUE,2806,0,0,0,0,0,1,1,0,0,0,0,0,0
Verified,FALSE,2989,0,0,1,0,0,0,0,0,1,0,0,0,0
Viewed,FALSE,252,0,0,1,0,0,0,0,0,0,0,0,1,0
Viewed,FALSE,315,0,1,0,0,0,0,0,0,0,0,1,0,0
Viewed,FALSE,991,0,0,1,1,0,0,0,0,0,0,0,0,0
Viewing,TRUE,3038,0,0,1,1,0,0,0,0,0,0,0,0,0
Visiting,TRUE,3015,0,0,1,1,0,0,0,0,0,0,0,0,0
Visualising,TRUE,1078,0,0,1,0,0,0,0,0,1,0,0,0,0
Visualising,TRUE,1594,0,0,1,0,0,0,0,0,1,0,0,0,0
Visualising,TRUE,1640,0,0,1,0,0,0,0,0,1,0,0,0,0
Waiting,TRUE,1030,0,0,1,0,1,0,0,0,0,0,0,0,0
Walking,TRUE,1049,0,0,1,0,0,0,0,0,0,1,0,0,0
Walking,TRUE,1787,0,0,1,1,0,0,0,0,0,0,0,0,0
Walking,TRUE,2593,0,1,0,0,1,0,0,0,0,0,0,0,0
Walking,TRUE,2738,0,0,1,1,0,0,0,0,0,0,0,0,0
Warning,TRUE,2288,1,1,0,0,0,0,0,0,0,0,0,0,0
Watched,FALSE,307,0,1,0,0,1,0,0,0,0,0,0,0,0
Watched,FALSE,320,0,0,1,0,0,0,0,0,0,0,0,1,0
Watched,FALSE,627,0,1,0,0,1,0,0,0,0,0,0,0,0
Watched,FALSE,716,0,0,1,0,0,1,0,0,0,0,0,0,0
Watched,FALSE,991,0,0,1,1,0,0,0,0,0,0,0,0,0
Watched,FALSE,1099,0,1,0,0,0,1,0,0,0,0,0,0,0
Watched,FALSE,1657,0,0,1,0,0,0,0,0,1,0,0,0,0
Watched,FALSE,1691,0,0,1,0,0,0,0,0,1,0,0,0,0
Watched,FALSE,2211,0,1,0,0,1,0,0,0,0,0,0,0,0
Watched,FALSE,2243,0,0,2,0,1,0,0,0,0,0,0,1,0
Watched,FALSE,2244,0,0,1,0,1,0,0,0,0,0,0,0,0
Watched,FALSE,2286,0,1,0,0,0,0,0,0,0,0,0,1,0
Watched,FALSE,2862,0,1,0,0,1,0,0,0,0,0,0,0,0
Watching,TRUE,315,0,1,0,0,0,0,0,0,0,1,0,0,0
Watching,TRUE,322,0,0,1,1,0,0,0,0,0,0,0,0,0
Watching,TRUE,529,0,0,1,1,0,0,0,0,0,0,0,0,0
Watching,TRUE,537,0,1,0,0,0,1,0,0,0,0,0,0,0
Watching,TRUE,581,1,0,0,0,0,0,1,0,0,0,0,0,0
Watching,TRUE,716,0,0,1,0,0,0,0,0,0,1,0,0,0
Watching,TRUE,1146,0,0,0,1,0,0,1,0,0,0,0,0,0
Watching,TRUE,1173,1,0,0,0,0,0,1,0,0,0,0,0,0
Watching,TRUE,1578,0,0,1,0,1,0,0,0,0,0,0,0,0
Watching,TRUE,1657,0,0,1,1,0,0,0,0,0,0,0,0,0
Watching,TRUE,1686,0,0,0,1,0,0,1,0,0,0,0,0,0
Watching,TRUE,1691,0,0,1,1,0,0,0,0,0,0,0,0,0
Watching,TRUE,1762,0,0,1,1,0,0,0,0,0,0,0,0,0
Watching,TRUE,1787,0,0,1,1,0,0,0,0,0,0,0,0,0
Watching,TRUE,1789,0,0,1,0,1,0,0,0,0,0,0,0,0
Watching,TRUE,2069,0,0,1,1,0,0,0,0,0,0,0,0,0
Watching,TRUE,2110,0,1,0,0,0,1,0,0,0,0,0,0,0
Watching,TRUE,2242,0,0,1,1,0,0,0,0,0,0,0,0,0
Watching,TRUE,2243,0,0,1,1,0,0,0,0,0,0,0,0,0
Watching,TRUE,2567,0,0,1,1,0,0,0,0,0,0,0,0,0
Watching,TRUE,2569,0,0,1,0,0,0,0,0,0,1,0,0,0
Watching,TRUE,2709,1,1,0,0,0,0,0,0,0,0,0,0,0
Watching,TRUE,2866,0,1,0,0,1,0,0,0,0,0,0,0,0
Watching,TRUE,2877,0,0,0,0,0,0,1,0,0,0,1,0,0
Watching,TRUE,2936,0,0,1,1,0,0,0,0,0,0,0,0,0
Watching,TRUE,2959,0,1,0,0,1,0,0,0,0,0,0,0,0
Watching,TRUE,2961,0,1,0,0,1,0,0,0,0,0,0,0,0
Watching,TRUE,3018,0,0,1,1,0,0,0,0,0,0,0,0,0
Watching,TRUE,3057,0,0,1,0,1,0,0,0,0,0,0,0,0
Watching,TRUE,3221,0,1,0,0,0,1,0,0,0,0,0,0,0
Watching,TRUE,3268,0,1,0,0,1,0,0,0,0,0,0,0,0
Wearing,TRUE,573,0,0,1,1,0,0,0,0,0,0,0,0,0
Wearing,TRUE,1548,0,0,1,1,0,0,0,0,0,0,0,0,0
Wearing,TRUE,1550,0,0,1,1,0,0,0,0,0,0,0,0,0
Wearing,TRUE,1551,0,0,1,1,0,0,0,0,0,0,0,0,0
Wearing,TRUE,1553,0,0,1,1,0,0,0,0,0,0,0,0,0
Wearing,TRUE,1554,0,0,1,1,0,0,0,0,0,0,0,0,0
Wearing,TRUE,1564,0,0,1,1,0,0,0,0,0,0,0,0,0
Wearing,TRUE,2738,0,0,1,1,0,0,0,0,0,0,0,0,0
Working,TRUE,1587,0,1,0,0,1,0,0,0,0,0,0,0,0
Worrying,TRUE,1099,0,1,0,0,0,1,0,0,0,0,0,0,0
Worrying,TRUE,1589,0,1,0,0,1,0,0,0,0,0,0,0,0
Yelling,TRUE,654,0,1,0,0,1,0,0,0,0,0,0,0,0
Yelling,TRUE,1639,0,1,0,0,0,0,0,0,0,0,1,0,0
Yelling,TRUE,2954,0,1,0,0,1,0,0,0,0,0,0,0,0
NA,NA,654,0,1,0,0,0,0,0,0,0,0,1,0,0
NA,NA,657,0,1,0,0,1,0,0,0,0,0,0,0,0
NA,NA,1628,0,0,1,1,0,0,0,0,0,0,0,0,0
