Verb,Char,Ent,Tech,VerbType
3D modeling,0,0,6,Active
Abusing,0,1,0,Active
Accepting,0,0,2,Active
Accessed,0,0,1,Passive
Accessing,19,5,8,Active
Accumulating,0,1,1,Active
Acquired,0,2,0,Passive
Acquiring,1,1,1,Active
Acting,5,0,0,Active
Activated,2,1,5,Passive
Activating,2,1,1,Active
Adapted,0,0,1,Passive
Adapting,0,1,0,Active
Adding,0,0,3,Active
Addressed,0,1,1,Passive
Addressing,1,0,0,Active
Adjusting,0,3,0,Active
Advertised,0,0,1,Passive
Advertising,0,0,4,Active
Advised,3,0,0,Passive
Advising,3,0,2,Active
Affecting,0,0,4,Active
Agonizing,0,0,3,Active
Aiding,0,0,3,Active
Aiming,3,0,4,Active
Alerted,3,4,0,Passive
Alerting,0,1,24,Active
Alienated,0,2,0,Passive
Alienating,0,1,4,Active
Aligning,0,0,2,Active
Allowing,0,0,2,Active
Altered,2,4,2,Passive
Altering,4,1,7,Active
Amazed,2,1,0,Passive
Ambushing,1,0,0,Active
Analysed,42,24,11,Passive
Analysing,39,3,190,Active
Animated,0,0,1,Passive
Announcing,1,0,0,Active
Annoyed,3,0,0,Passive
Annoying,1,0,0,Active
Anonymised,2,3,0,Passive
Answering,2,0,0,Active
Anthropomorphised,0,0,1,Passive
Anthropomorphising,0,1,0,Active
Anticipating,2,0,3,Active
Appearing,8,2,4,Active
Appreciating,2,0,0,Active
Approaching,0,2,2,Active
Appropriated,0,0,4,Passive
Appropriating,0,4,0,Active
Approved,3,0,0,Passive
Approving,2,0,6,Active
Archiving,0,1,0,Active
Arguing,7,0,0,Active
Aroused,1,1,0,Passive
Arousing,0,0,1,Active
Arrested,4,0,0,Passive
Arresting,0,1,0,Active
Arriving,0,1,0,Active
Asked,1,1,0,Passive
Asking,4,1,0,Active
Assembling,0,4,5,Active
Assesed,1,2,2,Passive
Assessing,17,1,5,Active
Assimilating,0,0,1,Active
Assisted,6,0,1,Passive
Assisting,4,1,14,Active
Attacked,13,2,2,Passive
Attacking,17,3,3,Active
Attempting,2,0,0,Active
Authorizing,2,0,1,Active
Automated,0,2,6,Passive
Automating,0,5,1,Active
Avoided,1,1,1,Passive
Avoiding,8,12,1,Active
Aware,15,1,0,NA
Bartering,0,1,0,Active
Becoming,1,0,0,Active
Befriending,1,0,1,Active
Begging,1,0,0,Active
Benefitting,3,0,0,Active
Betraying,1,0,0,Active
Blamed,1,0,0,Passive
Blaming,2,0,0,Active
Blasted,1,0,0,Passive
Blinded,5,1,6,Passive
Blinding,2,0,1,Active
Blinking,0,3,0,Active
Blocked,2,0,4,Passive
Blocking,2,2,0,Active
Blurred,2,0,0,Passive
Blurring,0,0,2,Active
Bombed,1,0,0,Passive
Bombing,1,0,1,Active
Bonding,2,0,0,Active
Bored,1,0,0,Passive
Bragging,1,0,0,Active
Breaking,3,1,8,Active
Broadcasted,3,0,0,Passive
Broadcasting,2,2,19,Active
Broken,0,0,3,NA
Brokering,0,0,1,Active
Building,1,1,0,Active
Burdening,0,1,0,Active
Buying,3,0,0,Active
Bypassed,0,0,1,Passive
Calculating,1,0,5,Active
Calibrated,1,1,2,Passive
Calibrating,2,0,7,Active
called,1,0,0,Passive
calling,1,0,0,Active
Calming,0,0,2,Active
Camouflaged,2,0,0,Passive
Camouflaging,1,9,3,Active
Canvassing,0,0,3,Active
Captivating,0,1,0,Active
Captured,11,16,1,Passive
Capturing,1,3,71,Active
cared,1,0,0,Passive
Caressing,1,0,0,Active
Caring,5,1,4,Active
Carried,1,0,0,Passive
Carrying,0,0,1,Active
Catching,0,1,0,Active
Categorised,1,3,0,Passive
Categorising,1,10,3,Active
Categorizing,0,2,0,Active
Celebrating,2,1,0,Active
Censored,1,0,0,Passive
Challenged,2,1,0,Passive
Challenging,0,1,2,Active
Changing,5,2,2,Active
Channeling,1,0,0,Active
Charging,1,0,0,Active
Chased,9,0,0,Passive
Chasing,8,0,3,Active
Chatting,2,0,0,Active
Checking,1,1,3,Active
Choked,1,0,0,Passive
Choking,1,0,0,Active
Choosing,4,24,0,Active
Circulating,0,1,0,Active
Classified,38,55,2,Passive
Classifying,12,8,135,Active
Cleaning (data),1,2,0,NA
Cloaked,4,0,0,Passive
Cloaking,2,0,0,Active
Cloned,1,0,0,Passive
Cloning,0,0,1,Active
Co-creating,0,0,6,Active
Coaching,0,0,1,Active
Collaborating,1,3,2,Active
Collected,0,3,0,Passive
Collecting,1,25,8,Active
Colliding,0,0,1,Active
Coloring,0,1,4,Active
Combining,0,1,3,Active
Comforted,2,0,0,Passive
Comforting,2,1,2,Active
Coming,1,0,0,Active
Commanded,8,0,0,Passive
Commanding,10,1,1,Active
Commenting,1,2,0,Active
Communicating,73,4,38,Active
Compared,1,5,1,Passive
Comparing,0,4,19,Active
Compensated,1,0,0,Passive
Compensating,0,1,0,Active
Competing,2,0,0,Active
Complaining,8,0,0,Active
Complying,2,1,0,Active
Comprehending,1,0,0,Active
Concealed,1,0,1,Passive
Concealing,2,4,3,Active
Conceptualizing,0,5,0,Active
Concerned,2,0,0,Passive
Concluding,2,0,0,Active
Confessing,1,0,0,Active
Confined,1,0,0,Passive
Confining,0,0,1,Active
Confirming,2,0,0,Active
Confronted,4,1,0,Passive
Confronting,8,0,1,Active
Confused,20,0,6,Passive
Confusing,3,0,1,Active
Connected,6,0,2,Passive
Connecting,6,1,15,Active
consenting,1,1,0,Active
Conserved,0,1,0,Passive
Conserving,2,2,2,Active
Constrained,1,0,0,Passive
Constraining,0,0,1,Active
Consuming,1,0,0,Active
Contained,1,0,0,Passive
Contemplating,2,0,0,Active
Contrasting,0,0,2,Active
Contributing,1,0,0,Active
Controlled,18,5,34,Passive
Controlling,45,24,23,Active
Conversating,1,1,0,Active
Converting,0,0,3,Active
Conveying,1,0,0,Active
Convincing,1,1,1,Active
Cooperating,3,0,2,Active
Coordinating,2,1,0,Active
Copied,6,1,0,Passive
Copying,0,0,7,Active
Countersurveilling,0,1,4,Active
Covered,1,0,0,Passive
Covering,0,2,3,Active
Crashing,0,0,1,Active
Craved,0,0,2,Passive
Craving,1,0,0,Active
Created,1,2,5,Passive
Creating,6,4,13,Active
Criticised,1,0,2,Passive
Criticising,1,1,0,Active
Critiquing,1,4,0,Active
Crowdsourcing,0,1,0,Active
Crying,2,0,0,Active
Curated,0,2,0,Passive
Curating,2,16,3,Active
Curing,0,0,1,Active
Cut,0,1,0,NA
Damaged,4,0,2,Passive
Dancing,6,2,2,Active
Datafying,0,0,2,Active
Dataminig,0,0,2,NA
Deactivated,0,0,5,Passive
Deactivating,1,0,0,Active
Dead,3,0,0,NA
Debating,0,0,1,Active
Decapitated,1,0,0,Passive
Decaying,0,1,0,Active
Deceased,1,0,0,Passive
Deceived,9,0,8,Passive
Deceiving,14,1,18,Active
Decentered,1,0,0,Passive
Deciding,6,5,17,Active
Decolonizing,0,1,0,Active
Deconstructing,0,0,2,Active
Decorated,0,0,1,Passive
Decorating,1,3,15,Active
Decoying,0,1,0,Active
Decrypted,0,0,1,Passive
Deduced,0,1,0,Passive
Deducing,1,0,1,Active
Defended,2,0,0,Passive
Defending,6,0,5,Active
Defiling,0,0,1,Active
Defying,1,0,0,Active
Deleted,1,1,4,Passive
Deleting,2,0,2,Active
Delivering,0,0,5,Active
Dematerialised,1,0,0,Passive
Demonstrating,4,21,4,Active
Demystifying,0,0,1,Active
Depicting,0,1,2,Active
Deployed,0,0,1,Passive
Deploying,1,0,0,Active
Depressed,2,0,0,Passive
Described,0,2,0,Passive
Describing,2,0,2,Active
Designing,4,0,0,Active
Desiring,0,1,0,Active
Destroyed,0,2,13,Passive
Destroying,11,2,5,Active
Detected,8,11,4,Passive
Detecting,5,0,118,Active
Determinating,0,0,2,Active
Determining,0,0,3,Active
Developed,0,0,3,Passive
Developing,2,10,0,Active
Diagnosed,5,0,0,Passive
Diagnosing,4,0,19,Active
Differentiating,0,0,1,Active
Digitalized,0,1,0,Passive
Digitalizing,0,0,1,Active
Dimming,0,0,2,Active
Directed,2,0,1,Passive
Directing,4,1,0,Active
Disabled,2,0,12,Passive
Disabling,6,0,0,Active
Disagreeing,2,0,0,Active
Disappearing,1,1,0,Active
Disappointed,1,0,0,Passive
Discerning,1,0,2,Active
Disciplined,2,0,0,Passive
Disciplining,1,0,1,Active
Disconnected,0,0,9,Passive
Disconnecting,1,0,0,Active
Discovering,8,5,0,Active
Discriminated,4,0,0,Passive
Discriminating,0,2,8,Active
Discussed,1,0,0,Passive
Discussing,8,2,1,Active
Disempowered,1,1,0,Passive
Disguised,3,0,0,Passive
Disguising,1,1,4,Active
Disgusted,3,0,0,Passive
Disillusioned,1,0,0,Passive
Disliking,0,1,0,Active
Disobeyed,1,0,1,Passive
Disobeying,2,0,0,Active
Disoriented,3,0,0,Passive
Disorienting,0,0,1,Active
Dispensing,0,0,2,Active
Dispersed,1,0,0,Passive
Displaced,1,0,0,Passive
Displacing,1,0,0,Active
Displayed,9,4,10,Passive
Displaying,3,1,113,Active
Disposed,1,0,0,Passive
Disposing,0,0,2,Active
Disrupted,0,0,1,Passive
Disseminating,0,1,0,Active
Dissociating,2,0,0,Active
Distancing,1,0,0,Active
Distorted,0,5,1,Passive
Distorting,0,2,15,Active
Distracted,0,0,1,Passive
Distracting,1,0,2,Active
Distressed,2,0,0,Passive
Distrusting,2,0,0,Active
Disturbed,2,0,0,Passive
Documented,6,7,0,Passive
Documenting,4,1,16,Active
Dodging,2,0,0,Active
Dominating,0,0,2,Active
Donated,0,0,1,Passive
Donating,1,1,0,Active
Doubted,3,0,0,Passive
Doubting,3,1,0,Active
Dragged,1,0,0,Passive
Draining,0,0,3,Active
Drawing,1,1,1,Active
Dreaming,0,0,2,Active
Driving,4,0,1,Active
Drugged,1,0,0,Passive
Duped,1,0,0,Passive
Duplicating,0,0,2,Active
Dying,7,0,0,Active
Eating,1,0,1,Active
Edited,0,0,2,Passive
Editing,5,1,1,Active
Educating,1,0,0,Active
Emanated,1,0,2,Passive
Embedding,0,0,2,Active
Embellishing,0,1,2,Active
Emitting,1,0,0,Active
Emoting,0,1,2,Active
Empathised,1,0,0,Passive
Empathising,2,0,0,Active
Employing,0,2,0,Active
Empowered,5,1,5,Passive
Empowering,0,0,3,Active
Enabled,4,0,0,Passive
Enabling,1,1,18,Active
Encouraged,2,0,0,Passive
Encouraging,5,0,1,Active
Enduring,0,1,0,Active
Engaging,2,0,1,Active
Enhanced,4,0,0,Passive
Enhancing,0,0,17,Active
Enjoyed,0,0,1,Passive
Enjoying,8,1,4,Active
Entered,0,0,1,Passive
Entering,9,1,0,Active
Entertained,4,5,0,Passive
Entertaining,2,2,13,Active
Erasing,2,1,2,Active
Escaping,11,0,0,Active
Establishing,0,0,1,Active
Estranged,0,1,0,Passive
Evaded,0,2,6,Passive
Evading,13,1,3,Active
Evaluated,7,0,0,Passive
Evaluating,5,1,6,Active
Evalutating,1,0,1,Active
Examined,3,0,1,Passive
Examining,3,1,3,Active
Exchanged,0,1,1,Passive
Exchanging,3,0,0,Active
Excited,1,0,3,Passive
Excluded,8,0,1,Passive
Excluding,0,1,9,Active
exercising,1,0,0,Active
Exhausting,0,1,0,Active
Expanding,0,0,3,Active
Experienced,0,0,1,Passive
Experiencing,5,2,0,Active
Experimenting,2,6,0,Active
Explained,1,0,2,Passive
Explaining,6,1,3,Active
Exploited,3,1,0,Passive
Exploiting,2,1,1,Active
Explored,0,0,1,Passive
Exploring,13,14,4,Active
Exposed,12,4,2,Passive
Exposing,5,3,12,Active
Expressing,3,5,0,Active
Extending,0,0,9,Active
Extracted,1,1,4,Passive
Extracting,3,1,4,Active
Facilitating,1,0,0,Active
Fact-checking,1,0,0,Active
Fading,2,1,4,Active
Failed,1,0,0,Passive
Failing,8,2,55,Active
Faked,3,0,0,Passive
Faking,2,1,3,Active
Falling,0,0,1,Active
Fascinated,1,1,0,Passive
Fascinating,1,0,0,Active
Fed,0,1,0,Passive
Feeding,0,7,0,Active
Feeling,4,2,0,Active
Fighting,31,3,3,Active
Filmed,4,1,0,Passive
Filming,2,2,10,Active
Filtered,1,1,0,Passive
Filtering,0,2,7,Active
Finding,16,2,12,Active
Fixing,1,1,0,Active
Flabbergasted,2,0,0,Passive
Flashing,0,0,2,Active
Flawed,2,0,14,Passive
Fleeing,4,0,0,Active
Flying,4,0,8,Active
Focusing,0,0,3,Active
Followed,1,0,2,Passive
Following,8,3,5,Active
Fooling,2,0,1,Active
Forced,6,0,0,Passive
Forcing,6,0,0,Active
Found,7,1,1,NA
Framed,0,1,0,Passive
Framing,0,0,5,Active
Frightened,3,0,0,Passive
Frightening,0,0,2,Active
Frustrated,6,1,0,Passive
Frustrating,0,0,2,Active
Gaming,2,0,0,Active
Gathering,2,0,0,Active
Gendered,3,0,0,Passive
Gendering,2,0,4,Active
Generated,6,14,1,Passive
Generating,1,0,102,Active
Gesturing,0,1,0,Active
Giving,3,1,2,Active
Glitching,2,0,18,Active
Granting,0,0,1,Active
Griefing,2,0,0,Active
grieved,1,0,0,Passive
Grieving,7,0,0,Active
Grimacing,0,3,0,Active
Guarding,0,0,2,Active
Guided,7,1,0,Passive
Guiding,6,5,6,Active
Hacked,8,5,46,Passive
Hacking,37,14,10,Active
Hallucinating,0,0,4,Active
Harassed,2,0,0,Passive
Harassing,0,1,1,Active
Hating,1,0,0,Active
Haunted,0,0,1,Passive
Haunting,0,0,1,Active
Having sex,8,0,0,NA
Healing,1,0,0,Active
Heating,1,0,0,Active
Helped,21,1,0,Passive
Helping,24,2,40,Active
Hesitating,2,0,0,Active
Hidden,0,2,3,NA
Hiding,35,9,16,Active
Highjacking,0,2,0,Active
Highlighting,1,0,19,Active
Hijacked,1,0,0,Passive
Hinting,0,0,1,Active
Holding,4,0,0,Active
Homogenizing,0,0,3,Active
Hoping,1,0,0,Active
Hovering,0,0,1,Active
Hugging,1,0,0,Active
Humming,0,0,1,Active
Hunted,23,2,0,Passive
Hunting,22,4,4,Active
Hurt,2,0,0,NA
Hurting,1,0,0,Active
hypnotized,2,0,0,Passive
Hypnotizing,2,0,4,Active
Hypothesizing,1,1,0,Active
Identified,40,11,0,Passive
Identifying,8,5,175,Active
Ignored,3,0,3,Passive
Ignoring,6,1,4,Active
Illuminated,1,0,0,Passive
Illuminating,0,0,3,Active
Illustrating,0,0,5,Active
Imaging,0,0,3,Active
Imagining,2,1,1,Active
Imitated,1,0,0,Passive
Imitating,0,0,1,Active
Immersing,0,1,1,Active
Impaired,1,0,0,Passive
Impersonated,3,0,0,Passive
Impersonating,5,0,4,Active
Implanted,0,0,1,Passive
Implanting,1,0,0,Active
Implementing,1,0,0,Active
Implicating,0,0,1,Active
Imposing,0,1,0,Active
Impressed,2,0,0,Passive
Impressing,1,0,1,Active
Imprisoned,1,0,0,Passive
Improving,1,0,1,Active
Incapacitated,1,0,0,Passive
Incarcerated,1,0,0,Passive
Inciting,0,0,2,Active
Including,0,1,0,Active
Incriminating,0,0,1,Active
Inexperienced,1,0,0,Passive
Infiltrating,2,0,0,Active
Influenced,1,1,0,Passive
Influencing,1,1,2,Active
Informed,35,3,2,Passive
Informing,8,3,84,Active
Inhabited,0,0,1,Passive
Inhabiting,1,0,0,Active
Inhibited,1,0,0,Passive
Inhibiting,0,0,1,Active
Initiated,0,0,2,Passive
Initiating,2,0,0,Active
Injured,2,0,0,Passive
injuring,0,0,1,Active
Inserted,0,0,1,Passive
Inspecting,2,0,0,Active
Inspired,2,0,0,Passive
Inspiring,3,6,2,Active
Installed,0,0,1,Passive
Installing,0,2,0,Active
Instructed,2,0,0,Passive
Instructing,4,2,0,Active
Integrated,0,1,1,Passive
Integrating,0,0,1,Active
Interacting,15,3,5,Active
Intercepting,1,1,0,Active
Interpreted,1,4,1,Passive
Interpreting,6,1,28,Active
Interrogating,2,0,1,Active
Intervening,1,0,0,Active
Interviewed,1,0,0,Passive
Interviewing,0,1,0,Active
Intimidated,2,0,0,Passive
Intimidating,1,0,3,Active
Introduced,1,0,0,Passive
Introducing,1,0,1,Active
Intruding,4,3,7,Active
Invaded,2,0,0,Passive
Invading,1,1,4,Active
Inventing,1,1,0,Active
Inverting,0,1,2,Active
Investigated,3,2,0,Passive
Investigating,28,4,5,Active
Investing,0,1,0,Active
Irritated,1,0,0,Passive
Isolating,0,0,3,Active
Joking,1,0,2,Active
Judged,2,2,1,Passive
Judging,3,3,4,Active
Juxtapositioning,0,1,1,Active
Kidnapped,1,0,0,Passive
Killed,30,8,0,Passive
Killing,44,8,38,Active
Kissing,1,0,0,Active
Kneeling,1,0,0,Active
Knowing,0,0,2,Active
Labeled,2,10,0,Passive
Labeling,6,2,20,Active
Lacking,0,0,1,Active
Laughing,5,0,0,Active
Launching,0,1,0,Active
Law-enforcing,0,1,1,Active
Layered,0,1,0,Passive
Layering,0,0,2,Active
Leaking,0,0,2,Active
Learning,28,5,36,Active
Liberated,1,0,0,Passive
Limited,3,1,9,Passive
Limiting,0,0,5,Active
Listening,5,0,1,Active
Located,2,2,0,Passive
Locating,5,1,34,Active
Logging,1,0,4,Active
Longing,3,0,0,Active
Looking,20,3,2,Active
Looping,0,0,1,Active
Losing,1,0,0,Active
Lost,1,0,0,NA
Loved,5,1,0,Passive
Loving,5,0,3,Active
Lured,1,0,0,Passive
Luring,0,0,1,Active
Lying,1,0,3,Active
Magnified,1,0,0,Passive
Magnifying,0,0,8,Active
Maintaining,1,0,0,Active
Malfunctioning,3,0,10,Active
Managed,0,1,0,Passive
Managing,0,1,1,Active
Maneuvering,2,0,0,Active
Manifested,1,0,1,Passive
Manipulated,7,4,9,Passive
Manipulating,18,3,5,Active
Mapped,0,3,1,Passive
Mapping,1,3,29,Active
Marginalized,0,1,0,Passive
Marked,1,0,0,Passive
Marking,0,0,4,Active
Masked,2,4,0,Passive
Masking,0,1,3,Active
Matched,2,3,0,Passive
Matching,1,0,25,Active
Materialised,1,0,0,Passive
Materialising,1,0,3,Active
Measured,1,4,0,Passive
Measuring,0,0,8,Active
Mediating,3,1,11,Active
Merged,1,1,1,Passive
Merging,0,1,3,Active
Mimicked,3,0,2,Passive
Mimicking,4,5,4,Active
Mirrored,0,3,1,Passive
Mirroring,1,1,6,Active
Miscalculating,0,0,1,Active
Misgendered,2,0,0,Passive
Misgendering,0,0,2,Active
Misidentified,2,1,0,Passive
Misidentifying,1,0,2,Active
Misinforming,0,1,1,Active
Misinterpreted,3,3,1,Passive
Misinterpreting,0,0,9,Active
Misleading,0,1,4,Active
Misrepresented,1,1,0,Passive
Misrepresenting,1,0,1,Active
Missing,3,0,0,Active
Mistaking,2,0,11,Active
Misunderstanding,0,0,1,Active
Misused,0,0,3,Passive
Misusing,0,1,0,Active
Mocking,1,1,0,Active
Moderated,0,0,1,Passive
Moderating,0,0,1,Active
Modified,1,1,2,Passive
Modifying,2,0,0,Active
Monetized,0,1,0,Passive
Monitored,26,9,2,Passive
Monitoring,15,15,38,Active
Morphing,2,1,15,Active
Moved,0,0,1,Passive
Moving,2,5,2,Active
Multiplied,0,1,0,Passive
Multiplying,0,0,3,Active
Multitasking,1,0,0,Active
Mutating,0,0,2,Active
Mutilated,2,0,0,Passive
Mutilating,2,0,0,Active
Nagged,1,0,0,Passive
Nagging,1,0,0,Active
Narrating,4,2,7,Active
Nauseated,1,0,0,Passive
Navigated,0,0,7,Passive
Navigating,14,3,7,Active
Neglected,1,0,0,Passive
Neglecting,0,0,1,Active
Negotiating,0,1,0,Active
Networked,0,0,1,Passive
Notifying,0,0,1,Active
Nurtured,2,0,0,Passive
Nurturing,1,0,1,Active
Obeying,8,0,3,Active
Obfuscated,2,2,6,Passive
Obfuscating,2,10,3,Active
Objectifying,1,0,0,Active
Objecting,1,0,0,Active
Obscured,1,0,1,Passive
Obscuring,1,1,3,Active
Observed,16,4,2,Passive
Observing,32,13,12,Active
Obsessed,3,0,1,Passive
Obstructed,1,1,0,Passive
Obstructing,1,0,2,Active
Opening,0,0,1,Active
Operated,1,0,7,Passive
Operating,7,0,3,Active
Oppressed,7,4,0,Passive
Oppressing,0,11,6,Active
Optimising,0,0,2,Active
Orchestrated,2,0,0,Passive
Orchestrating,0,1,0,Active
Ordered,0,0,1,Passive
Ordering,3,2,0,Active
Organizing,1,0,2,Active
Outlining,0,0,1,Active
Outsmarted,1,0,0,Passive
Outsmarting,1,0,0,Active
Outsourcing,0,2,0,Active
Overfitting,0,0,2,Active
Overlayed,1,0,2,Passive
Overlaying,0,0,16,Active
Overloading,0,1,0,Active
Overlooking,4,0,1,Active
Overriding,0,0,1,Active
Overwhelmed,6,2,0,Passive
Overwhelming,0,1,4,Active
Overworked,2,0,0,Passive
Overworking,0,1,0,Active
Owning,0,1,0,Active
Painted,0,0,1,Passive
Painting,1,1,1,Active
Panicking,8,2,0,Active
Participating,3,1,0,Active
Passive,1,2,0,NA
Patching,0,0,1,Active
Patrolling,1,1,1,Active
Paying,2,0,0,Active
Perceiving,0,2,0,Active
Performing,8,4,3,Active
Permitting,0,0,2,Active
Persuaded,2,0,0,Passive
Persuading,2,2,1,Active
Philosophising,2,0,0,Active
Photographed,5,6,3,Passive
Photographing,6,7,10,Active
Picking,1,1,1,Active
Pierced,1,0,0,Passive
Piercing,0,0,1,Active
Pirating,0,1,0,Active
Placing,0,2,0,Active
Planning,18,3,1,Active
Played,0,0,5,Passive
Playing,16,8,1,Active
Pleased,2,0,0,Passive
Pleasuring,1,0,1,Active
Plotting,2,0,1,Active
Pointing,1,0,0,Active
Policed,0,1,0,Passive
Policing,0,2,0,Active
Posing,7,22,0,Active
Practicing,2,0,0,Active
Pranked,1,0,0,Passive
Pranking,1,1,0,Active
Predicted,1,0,0,Passive
Predicting,7,0,29,Active
Preoccupied,1,0,0,Passive
Preoccupying,1,0,2,Active
Preparing,2,0,0,Active
Presented,2,0,4,Passive
Presenting,3,0,1,Active
Pressuring,0,2,0,Active
Pretending,8,1,3,Active
Printing,1,0,5,Active
Prioritizing,0,0,3,Active
Problem-solving,4,0,1,Active
Processing,7,0,32,Active
Proctecting,1,0,0,Active
Produced,0,1,0,Passive
Producing,0,3,6,Active
Profiling,1,0,1,Active
Programming,1,0,0,Active
Prohibiting,0,1,1,Active
Projected,12,5,3,Passive
Projecting,4,0,39,Active
Promoting,0,1,0,Active
Proposing,0,0,2,Active
Protected,15,2,0,Passive
Protecting,19,9,27,Active
Protesting,4,3,0,Active
Providing,0,0,1,Active
Provoked,1,0,0,Passive
Provoking,1,1,0,Active
Published,0,4,0,Passive
Publishing,0,1,3,Active
Punched,1,0,0,Passive
Punching,2,0,0,Active
Punished,2,0,0,Passive
Punishing,0,0,2,Active
Puppeteering,1,0,0,Active
Purchased,0,0,2,Passive
Purchasing,0,1,0,Active
Puzzled,1,0,0,Passive
Quantifying,1,0,0,Active
Queering,0,0,1,Active
Questioned,6,0,5,Passive
Questioning,11,5,0,Active
Racing,2,0,0,Active
Ranking,0,0,2,Active
Rapping,2,0,0,Active
Rating,0,0,2,Active
Reacting,1,1,0,Active
Read,0,1,2,NA
Reading,5,1,0,Active
Realizing,3,3,0,Active
Reassured,1,0,0,Passive
Reassuring,4,1,4,Active
Rebooted,1,0,4,Passive
Rebooting,1,0,0,Active
Recalling,1,0,0,Active
Receiving,2,2,3,Active
Recognised,7,5,0,Passive
Recognising,8,1,35,Active
Reconfigured,0,0,1,Passive
Reconfiguring,1,0,5,Active
Reconstructed,2,2,1,Passive
Reconstructing,2,0,15,Active
Recorded,23,12,2,Passive
Recording,9,7,103,Active
Recreating,0,0,1,Active
Recruited,1,0,0,Passive
Reenacted,0,0,1,Passive
Reflecting,0,1,1,Active
Refused,1,0,0,Passive
Refusing,1,0,0,Active
Registered,1,1,0,Passive
Registering,0,0,8,Active
Rejected,1,0,1,Passive
Rejecting,1,0,2,Active
Relaxed,1,0,0,Passive
Relaying,0,0,3,Active
Releasing,1,0,0,Active
Relived,1,0,0,Passive
Reliving,3,0,0,Active
Relocated,0,0,1,Passive
Relocating,1,0,0,Active
Remade,1,0,0,NA
Remaking,0,0,1,Active
Remembered,2,1,0,Passive
Remembering,11,0,8,Active
Reminded,3,1,0,Passive
Reminding,2,0,4,Active
Reminiscing,0,1,0,Active
Remixing,0,0,1,Active
Removed,1,0,1,Passive
Removing,3,0,2,Active
Rendered,0,0,0,Passive
Rendering,0,0,3,Active
Repaired,1,0,4,Passive
Repairing,4,0,4,Active
Repeated,0,0,1,Passive
Repeating,0,1,0,Active
Replaced,4,3,4,Passive
Replacing,5,3,20,Active
Replayed,0,0,7,Passive
Replaying,0,0,12,Active
Replicated,4,1,0,Passive
Replicating,1,0,8,Active
Replugged,1,0,1,Passive
Reported,3,2,0,Passive
Reporting,2,5,12,Active
Represented,2,1,0,Passive
Representing,0,4,6,Active
Reproducing,0,0,4,Active
Repurposed,0,0,3,Passive
Repurposing,4,0,0,Active
Rescued,10,0,0,Passive
Rescuing,11,0,0,Active
Researching,8,4,0,Active
Reset,0,0,2,NA
Resetting,1,0,0,Active
Resisting,5,0,2,Active
Responding,1,0,0,Active
Restoring,1,0,0,Active
Restricing,0,1,0,Active
Retrieving,0,0,2,Active
Retrying,1,0,1,Active
Returning,2,0,4,Active
Reusing,0,0,1,Active
Revealed,17,9,8,Passive
Revealing,11,8,203,Active
Reverse-engineered,0,0,1,Passive
Reverse-engineering,0,1,0,Active
Reversing,0,4,0,Active
Rewatching,2,0,0,Active
Rewinding,1,0,3,Active
Rewriting,0,0,1,Active
Risking,1,0,0,Active
Roaming,0,0,1,Active
Robbed,1,0,0,Passive
Robbing,2,0,0,Active
Role-playing,2,0,0,Active
Ruminating,1,0,0,Active
Rummaging,1,0,0,Active
Running,9,0,0,Active
Safeguarding,1,1,0,Active
Saved,2,1,0,Passive
Saving,5,1,5,Active
Scanned,61,13,6,Passive
Scanning,32,3,182,Active
Scared,30,0,0,Passive
Scaring,2,1,1,Active
Scouting,8,5,10,Active
Screaming,2,0,0,Active
Scrolling,1,0,0,Active
Searching,43,8,41,Active
Securing,0,1,0,Active
Seducing,0,0,1,Active
Seeing,41,4,26,Active
Seeking,3,0,2,Active
Seen,7,0,2,NA
Selecting,2,20,1,Active
Self-diagnosing,1,0,0,Active
Self-reflecting,0,0,3,Active
Selling,0,3,4,Active
Sending,0,1,3,Active
Sensing,3,0,5,Active
Servicing,0,0,1,Active
Shaping,0,1,1,Active
Shared,0,4,3,Passive
Sharing,7,2,6,Active
Shifting,0,0,2,Active
Shocked,5,0,0,Passive
Shocking,0,0,1,Active
Shooting,10,2,4,Active
Shot,2,0,1,NA
Shouting,2,0,0,Active
Showcasing,0,0,1,Active
Showed,3,0,2,Passive
Showing,12,1,84,Active
Shying,0,0,1,Active
Signaling,0,1,2,Active
Signing,1,0,0,Active
Simplifying,0,0,1,Active
Simulated,1,2,0,Passive
Simulating,2,3,24,Active
Singing,6,0,0,Active
Sizing,0,0,1,Active
Sleeping,1,0,0,Active
Smiling,4,2,0,Active
Sneaking,6,0,0,Active
Sniped,1,0,0,Passive
Sniping,2,0,0,Active
Social engineering,0,1,0,Active
Socialising,4,1,0,Active
Solving,3,1,0,Active
Soothed,1,0,0,Passive
Soothing,1,0,0,Active
Sorted,0,1,0,Passive
Sorting,1,2,6,Active
Sousveilling,1,0,0,Active
Speculating,0,7,0,Active
Spilling,1,0,0,Active
Spreading,0,0,1,Active
Spying,17,2,3,Active
Stabbing,2,0,0,Active
Stalking,4,0,2,Active
Startled,1,1,0,Passive
Starving,1,0,0,Active
Stating,0,1,1,Active
Stealing,8,1,0,Active
Steered,0,0,1,Passive
Steering,1,0,1,Active
Stimulating,0,0,1,Active
Stolen,0,1,1,NA
Stopped,2,0,0,Passive
Stopping,3,1,4,Active
Stored,0,0,0,Passive
Storing,0,0,0,Active
Storytelling,0,0,2,Active
Strategising,1,0,0,Active
Streamed,8,2,0,Passive
Streaming,1,1,48,Active
Stuck,0,0,2,NA
Studying,3,1,0,Active
Stumbling,1,0,0,Active
Subcontracting,0,2,0,Active
Subverted,0,3,0,Passive
Subverting,3,9,2,Active
Suffering,1,0,0,Active
Suggesting,0,0,6,Active
Suiciding,2,0,0,Active
Summoning,0,0,2,Active
Supervising,0,1,0,Active
Supporting,1,1,2,Active
Surprised,14,0,0,Passive
Surprising,4,2,2,Active
Surrounded,1,0,0,Passive
Surveilled,29,8,0,Passive
Surveilling,26,15,54,Active
Surveying,0,1,3,Active
Surviving,4,1,0,Active
Suspected,3,0,1,Passive
Suspecting,6,0,0,Active
Swapping,0,0,2,Active
Swarming,0,1,0,Active
Sweating,1,0,0,Active
Swiping,1,0,0,Active
Syncing,0,0,2,Active
Synthesizing,0,1,2,Active
Taking,1,0,0,Active
Talking,11,1,4,Active
Targeted,11,3,0,Passive
Targeting,8,3,26,Active
Tasking,1,0,0,Active
Taught,1,0,0,NA
Taunted,1,0,0,Passive
Taunting,1,0,0,Active
Teaching,3,1,6,Active
Teased,2,0,0,Passive
Teasing,1,0,0,Active
Telling,1,0,1,Active
Tempted,1,0,0,Passive
Tested,1,1,5,Passive
Testing,7,3,3,Active
Thanked,0,0,1,Passive
Thanking,2,0,0,Active
Thinking,1,1,0,Active
Threatened,13,1,0,Passive
Threatening,8,4,8,Active
Throwing,0,1,0,Active
Tired,2,0,0,Passive
Tormented,1,0,0,Passive
Tormenting,1,0,0,Active
Torturing,1,0,3,Active
Touched,0,0,1,Passive
Touching,1,1,0,Active
Tracing,0,0,9,Active
Tracked,16,2,0,Passive
Tracking,21,2,58,Active
Trained,1,0,22,Passive
Training,5,30,0,Active
Trancing,1,0,0,Active
Transcending,1,0,0,Active
Transformed,0,4,0,Passive
Transforming,0,1,1,Active
Translating,0,0,3,Active
transmitted,1,0,3,Passive
Transmitting,3,0,31,Active
Transported,2,0,0,Passive
Transporting,2,0,5,Active
Trapped,7,0,2,Passive
Trapping,1,1,0,Active
Travelling,5,0,3,Active
Traversed,0,0,2,Passive
Traversing,0,1,0,Active
Trespassing,1,0,1,Active
Tricked,15,5,39,Passive
Tricking,24,15,10,Active
Triggered,0,0,1,Passive
Triggering,1,1,5,Active
Trolling,0,1,0,Active
Trusted,1,2,0,Passive
Trusting,6,0,2,Active
Trying,1,0,1,Active
tweaked,0,0,2,Passive
Unaware,13,1,2,NA
Unblinking,0,0,2,Active
Uncomfortable,1,0,0,NA
Understanding,4,0,6,Active
Undressing,1,0,0,Active
Unlocked,0,0,1,Passive
Unlocking,5,0,8,Active
Unmasking,0,0,1,Active
Unplugging,1,0,0,Active
Unsettled,2,1,0,Passive
Unsettling,0,0,3,Active
Upgraded,3,0,3,Passive
Upgrading,1,0,0,Active
Uploaded,1,2,1,Passive
uploading,1,4,1,Active
Used,4,1,10,Passive
Using,7,1,0,Active
Varying,0,0,2,Active
Verified,2,1,0,Passive
Verifying,1,0,6,Active
Viewed,7,3,4,Passive
Viewing,5,1,7,Active
Visiting,1,1,0,Active
Visualised,1,0,0,Passive
Visualising,2,3,28,Active
Vlogging,1,0,0,Active
Waiting,4,1,1,Active
Waking,0,0,2,Active
Walking,12,4,0,Active
Wandering,1,0,0,Active
Warned,3,0,0,Passive
Warning,2,1,6,Active
Watched,59,14,7,Passive
Watching,92,31,37,Active
Weakened,2,0,0,Passive
Weakening,0,0,2,Active
Wearing,2,8,0,Active
Welcomed,1,0,0,Passive
Welcoming,1,0,2,Active
Winning,2,0,0,Active
Wishing,1,0,0,Active
Withdrawing,1,0,0,Active
Witnessing,4,0,3,Active
Working,6,1,0,Active
Worrying,6,2,2,Active
Wounded,2,0,0,Passive
Wounding,1,0,0,Active
Writing,0,0,2,Active
Yelling,2,3,1,Active
Zooming,3,0,22,Active
NA,8,3,12,NA
